-- phpMyAdmin SQL Dump
-- version 5.0.4
-- https://www.phpmyadmin.net/
--
-- Host: localhost
-- Tempo de geração: 21/01/2021 às 01:57
-- Versão do servidor: 10.4.17-MariaDB
-- Versão do PHP: 7.4.13

SET SQL_MODE = "NO_AUTO_VALUE_ON_ZERO";
START TRANSACTION;
SET time_zone = "+00:00";


/*!40101 SET @OLD_CHARACTER_SET_CLIENT=@@CHARACTER_SET_CLIENT */;
/*!40101 SET @OLD_CHARACTER_SET_RESULTS=@@CHARACTER_SET_RESULTS */;
/*!40101 SET @OLD_COLLATION_CONNECTION=@@COLLATION_CONNECTION */;
/*!40101 SET NAMES utf8mb4 */;

--
-- Banco de dados: `recode_impulso`
--

-- --------------------------------------------------------

--
-- Estrutura para tabela `cursos`
--

CREATE TABLE `cursos` (
  `id_curso` int(11) NOT NULL,
  `nome` varchar(120) NOT NULL,
  `periodo` varchar(120) NOT NULL,
  `vagas` int(3) NOT NULL,
  `descricao` text NOT NULL,
  `duracao_sem` decimal(10,1) NOT NULL,
  `duracao_ano` decimal(10,1) NOT NULL,
  `fonte_curso` varchar(240) NOT NULL,
  `sal_ini` decimal(10,2) NOT NULL,
  `sal_med` decimal(10,2) NOT NULL,
  `sal_exp` decimal(10,2) NOT NULL,
  `fonte_carrer` varchar(240) NOT NULL,
  `fk_idscholl` int(11) NOT NULL
) ENGINE=InnoDB DEFAULT CHARSET=utf8mb4;

--
-- Despejando dados para a tabela `cursos`
--

INSERT INTO `cursos` (`id_curso`, `nome`, `periodo`, `vagas`, `descricao`, `duracao_sem`, `duracao_ano`, `fonte_curso`, `sal_ini`, `sal_med`, `sal_exp`, `fonte_carrer`, `fk_idscholl`) VALUES
(1, 'Automação Industrial', 'N', 40, 'O TÉCNICO EM AUTOMAÇÃO INDUSTRIAL é o profissional que realiza integração de sistemas de automação composto por redes industriais, instrumentação, sistemas robotizados, automatização hidráulica e pneumática, sistemas de controle eletromecânicos e sistemas embarcados. Emprega programas de computação para supervisão e controle da produção integrado às redes industriais. Realiza manutenção nos elementos utilizados para automação, medição e controle. Projeta, propõe, planeja e executa instalação dos equipamentos utilizados nos sistemas de automação. Realiza manutenção em sistemas de automação industrial. Realiza medições, testes e calibrações de equipamentos industriais elétricos e eletrônicos. Executa procedimentos de controle de qualidade, segurança e gestão.', '4.0', '2.0', 'https://www.vestibulinhoetec.com.br/unidades-cursos/curso.asp?c=402', '2411.00', '3400.00', '4651.00', 'https://www.vagas.com.br/cargo/tecnico-em-automacao-industrial', 1),
(2, 'Automação Industrial - Integrado ao Ensino Médio', 'Integral (manhã e tarde)', 40, 'Nesta modalidade de ensino, o aluno cursará o Ensino Médio estruturado em conjunto com a formação de Técnico em Automação Industrial, numa jornada de até 40 aulas semanais (até 8 aulas diárias), em cada uma das 3 séries. Ao final do curso, o aluno terá concluído o Ensino Médio e obterá, também, o diploma de Técnico em Automação Industrial, com validade nacional, de acordo com o perfil profissional a seguir: O TÉCNICO EM AUTOMAÇÃO INDUSTRIAL é o profissional que projeta, instala, programa, integra e realiza manutenção em sistemas aplicados à automação e controle de processos industriais; analisa especificações de componentes e equipamentos que compõem sistemas automatizados; coordena equipes de trabalho e avalia a qualidade dos dispositivos e sistemas automatizados. Programa, opera e mantém os sistemas automatizados, respeitando normas técnicas de segurança.', '6.0', '3.0', 'https://www.vestibulinhoetec.com.br/unidades-cursos/curso.asp?c=1344', '2411.00', '3400.00', '4651.00', 'https://www.vagas.com.br/cargo/tecnico-em-automacao-industrial', 1),
(3, 'Cozinha', 'N', 40, 'O TÉCNICO EM COZINHA é o profissional que planeja, organiza e executa o trabalho na cozinha. Atua na finalização do mise en place dos serviços, produção de pratos e finalização das preparações, observando os métodos de cocção e cortes adequados a cada tipo de insumo. Colabora na elaboração e organização de pratos do cardápio. Elabora banco de dados, relatórios de trabalho e fichas técnicas para todas as preparações a serem executadas. Opera e mantém em bom estado os utensílios, equipamentos e maquinário de cozinha. Armazena os gêneros alimentícios, controla estoque, consumo e custos.', '4.0', '2.0', 'https://www.vestibulinhoetec.com.br/unidades-cursos/curso.asp?c=602', '1336.00', '1616.00', '1955.00', 'https://pronatec.pro.br/curso-tecnico-em-cozinha/#:~:text=T%C3%A9cnico%20em%20Cozinha%20sal%C3%A1rio,-Como%20grande%20parte&text=De%20acordo%20com%20o%20Site,a%20R%24%2011.680%2C60.', 1),
(4, 'Design de Interiores - Integrado ao Ensino Médio', 'Integral (manhã e tarde)', 40, 'Nesta modalidade de ensino, o aluno cursará o Ensino Médio estruturado em conjunto com a formação de Técnico em Design de Interiores, numa jornada de até 40 aulas semanais (até 8 aulas diárias), em cada uma das 3 séries. Ao final do curso, o aluno terá concluído o Ensino Médio e obterá, também, o diploma de Técnico em Design de Interiores, com validade nacional, de acordo com o perfil profissional a seguir: O TÉCNICO EM DESIGN DE INTERIORES é o profissional que participa na elaboração e na execução de projetos de interiores de espaços residenciais, comerciais, vitrines e exposições, visando à estética, à melhoria dos aspectos funcionais, ergonômicos e visuais dos ambientes, para atender às necessidades de conforto, segurança e bem-estar dos usuários. Desenvolve esboços, perspectivas e desenhos, de acordo com as normas técnicas. Planeja e organiza o espaço, identificando elementos básicos para a concepção do projeto. Representa os elementos de projeto no espaço bidimensional e tridimensional, aplicando métodos de representação gráfica.', '4.0', '2.0', 'https://www.vestibulinhoetec.com.br/unidades-cursos/curso.asp?c=1346', '1692.00', '2574.00', '3504.00', 'https://www.vagas.com.br/cargo/designer-de-interiores', 1),
(5, 'Edificações', 'N', 40, 'O TÉCNICO EM EDIFICAÇÕES é o profissional que desenvolve e executa projetos de edificações conforme normas técnicas de segurança, de acordo com legislação específica, conforme limites regulamentares e normativos ambientais. Planeja a execução, elabora orçamento e memorial descritivo de obras. Supervisiona a execução de diferentes etapas do processo construtivo. Presta assistência técnica no estudo e desenvolvimento de projetos, pesquisas e controle tecnológico de materiais na área da Construção Civil. Orienta e coordena a execução de serviços de manutenção de equipamentos e de instalações em edificações. Orienta na assistência técnica para compra, venda e utilização de produtos e equipamentos especializados.', '4.0', '2.0', 'https://www.vestibulinhoetec.com.br/unidades-cursos/curso.asp?c=805', '1800.00', '2200.00', '3400.00', 'https://www.vagas.com.br/mapa-de-carreiras/cargos/tecnico-em-edificacoes-projetista/0', 1),
(6, 'Edificações - Integrado ao Ensino Médio', 'Integral (manhã e tarde)', 40, 'Nesta modalidade de ensino, o aluno cursará o Ensino Médio estruturado em conjunto com a formação de Técnico em Edificações, numa jornada de até 40 aulas semanais (até 8 aulas diárias), em cada uma das 3 séries. Ao final do curso, o aluno terá concluído o Ensino Médio e obterá, também, o diploma de Técnico em Edificações, com validade nacional, de acordo com o perfil profissional a seguir: O TÉCNICO EM EDIFICAÇÕES é o profissional que desenvolve e executa projetos de edificações conforme normas técnicas de segurança, de acordo com legislação específica, conforme limites regulamentares e normativa ambiental. Planeja a execução, elabora orçamento e memorial descritivo de obras. Supervisiona a execução de diferentes etapas do processo construtivo. Presta assistência técnica no estudo e desenvolvimento de projetos, pesquisas e controle tecnológico de materiais na área da Construção Civil. Orienta e coordena a execução de serviços de manutenção de equipamentos e de instalações em edificações. Orienta na assistência técnica para compra, venda e utilização de produtos e equipamentos especializados.', '6.0', '3.0', 'https://www.vestibulinhoetec.com.br/unidades-cursos/curso.asp?c=1347', '1950.00', '2609.00', '3452.00', 'https://www.vagas.com.br/cargo/tecnico-em-edificacoes', 1),
(7, 'Eletrônica', 'T', 40, 'O TÉCNICO EM ELETRÔNICA é o profissional que realiza o desenvolvimento de projetos de sistemas eletrônicos embarcados aplicando tecnologia de circuitos microprocessados e microcontrolados, bem como semicondutores de potência e componentes microeletrônicos. Implementa interfaces de automação com comandos eletromecânicos ou controladores lógicos programáveis instalados em sistemas de controle de processos. Executa e supervisiona trabalhos de instalação e reparo de equipamentos, sistemas eletrônicos inclusive de transmissão e recepção de sinais. Realiza testes de calibração em equipamentos eletrônicos com o uso de aparelhos eletrônicos de medição. Aplica técnicas e métodos de controle de erros e defeitos na linha de produção. Participa na identificação e atuação das causas geradoras de defeito a fim de manter a qualidade dos produtos e serviços. Aplica normas técnicas e de segurança do trabalho e meio ambiente em conformidade com os padrões nacionais e internacionais.', '4.0', '2.0', 'https://www.vestibulinhoetec.com.br/unidades-cursos/curso.asp?c=406', '1950.00', '2609.00', '3452.00', 'https://www.vagas.com.br/cargo/tecnico-em-edificacoes', 1),
(8, 'Eletrônica', 'N', 40, 'O TÉCNICO EM ELETRÔNICA é o profissional que realiza o desenvolvimento de projetos de sistemas eletrônicos embarcados aplicando tecnologia de circuitos microprocessados e microcontrolados, bem como semicondutores de potência e componentes microeletrônicos. Implementa interfaces de automação com comandos eletromecânicos ou controladores lógicos programáveis instalados em sistemas de controle de processos. Executa e supervisiona trabalhos de instalação e reparo de equipamentos, sistemas eletrônicos inclusive de transmissão e recepção de sinais. Realiza testes de calibração em equipamentos eletrônicos com o uso de aparelhos eletrônicos de medição. Aplica técnicas e métodos de controle de erros e defeitos na linha de produção. Participa na identificação e atuação das causas geradoras de defeito a fim de manter a qualidade dos produtos e serviços. Aplica normas técnicas e de segurança do trabalho e meio ambiente em conformidade com os padrões nacionais e internacionais.', '4.0', '2.0', 'https://www.vestibulinhoetec.com.br/unidades-cursos/curso.asp?c=406', '2024.00', '2632.00', '3511.00', 'https://www.vagas.com.br/cargo/tecnico-em-eletrotecnica', 1),
(9, 'Eletrônica - Integrado ao Ensino Médio', 'Integral (manhã e tarde)', 40, 'Nesta modalidade de ensino, o aluno cursará o Ensino Médio estruturado em conjunto com a formação de Técnico em Eletrônica, numa jornada de até 40 aulas semanais (até 8 aulas diárias), em cada uma das 3 séries. Ao final do curso, o aluno terá concluído o Ensino Médio e obterá, também, o diploma de Técnico em Eletrônica, com validade nacional, de acordo com o perfil profissional a seguir: O TÉCNICO EM ELETRÔNICA é o profissional que participa do desenvolvimento de projetos eletrônicos. Executa a instalação e a manutenção de equipamentos e sistemas eletrônicos. Realiza medições e testes com equipamentos eletrônicos. Executa procedimentos de controle de qualidade e gestão da produção de equipamentos eletrônicos.', '6.0', '3.0', 'https://www.vestibulinhoetec.com.br/unidades-cursos/curso.asp?c=1348', '2024.00', '2632.00', '3511.00', 'https://www.vagas.com.br/cargo/tecnico-em-eletrotecnica', 1),
(10, 'Mecânica', 'N', 40, 'O TÉCNICO EM MECÂNICA é o profissional que elabora projetos mecânicos e sistemas automatizados. Planeja, aplica e controla procedimentos de instalação e de manutenção mecânica de máquinas e equipamentos. Desenvolve e controla processos de fabricação e montagem de conjuntos mecânicos. Aplica técnicas de medição e ensaios. Especifica materiais para construção mecânica. Elabora documentação, realiza compras e vendas técnicas e cumpre normas e procedimentos de segurança no trabalho e de preservação ambiental.', '4.0', '2.0', 'https://www.vestibulinhoetec.com.br/unidades-cursos/curso.asp?c=414', '2323.00', '3019.00', '4215.00', 'https://www.vagas.com.br/cargo/tecnico-mecanico', 1),
(11, 'Mecatrônica', 'N', 40, 'O TÉCNICO EM MECATRÔNICA é o profissional que atua no projeto, na execução e na instalação de máquinas e equipamentos automatizados e sistemas robotizados. Realiza manutenção, medições e testes dessas máquinas, equipamentos e sistemas, conforme especificações técnicas. Opera equipamentos, utiliza softwares específicos e linguagens de programação adequadas. Organiza local de trabalho. Coordena, equipes e oferece treinamento operacional. Realiza manutenções preditiva, preventiva e corretiva, em conformidade com as normas técnicas e higiene, segurança, qualidade e proteção ao meio ambiente. Programa e opera estas máquinas observando as normas de segurança.', '4.0', '2.0', 'https://www.vestibulinhoetec.com.br/unidades-cursos/curso.asp?c=416', '2063.00', '2877.00', '4013.00', 'https://www.vagas.com.br/cargo/tecnico-em-mecatronica', 1),
(12, 'Mecatrônica - Integrado ao Ensino Médio', 'Integral (manhã e tarde)', 40, 'Nesta modalidade de ensino, o aluno cursará o Ensino Médio estruturado em conjunto com a formação de Técnico em Mecatrônica, numa jornada de até 40 aulas semanais (até 8 aulas diárias), em cada uma das 3 séries. Ao final do curso, o aluno terá concluído o Ensino Médio e obterá, também, o diploma de Técnico em Mecatrônica, com validade nacional, de acordo com o perfil profissional a seguir: O TÉCNICO EM MECATRÔNICA é o profissional que atua no projeto, na execução e na instalação de máquinas e equipamentos automatizados e sistemas robotizados. Realiza manutenção, medições e testes dessas máquinas, equipamentos e sistemas, conforme especificações técnicas. Opera equipamentos, utiliza softwares específicos e linguagens de programação adequadas. Organiza local de trabalho. Coordena, equipes e oferece treinamento operacional. Realiza manutenções preditiva, preventiva e corretiva, em conformidade com as normas técnicas e higiene, segurança, qualidade e proteção ao meio ambiente. Programa e opera estas máquinas observando as normas de segurança.', '3.0', '1.5', 'https://www.vestibulinhoetec.com.br/unidades-cursos/curso.asp?c=417', '2063.00', '2877.00', '4013.00', 'https://www.vagas.com.br/cargo/tecnico-em-mecatronica', 1),
(13, 'Meio Ambiente', 'N', 40, 'O TÉCNICO EM MEIO AMBIENTE é o profissional que coleta, armazena e interpreta informações, dados e documentações ambientais. Colabora na elaboração de laudos, relatórios e estudos ambientais. Auxilia na elaboração, acompanhamento e execução de sistemas de gestão ambiental. Atua na organização de programas de educação ambiental, de conservação e preservação de recursos naturais, de redução, reuso e reciclagem. Identifica as intervenções ambientais, analisa suas consequências e operacionaliza a execução de ações para preservação, conservação, otimização, minimização e remediação dos seus efeitos.', '4.0', '2.0', 'https://www.vestibulinhoetec.com.br/unidades-cursos/curso.asp?c=220', '2006.00', '2709.00', '3550.00', 'https://www.vagas.com.br/cargo/tecnico-em-meio-ambiente', 1),
(14, 'Meio Ambiente - Integrado ao Ensino Médio', 'Integral (manhã e tarde)', 40, 'Nesta modalidade de ensino, o aluno cursará o Ensino Médio estruturado em conjunto com a formação de Técnico em Meio Ambiente, numa jornada de até 40 aulas semanais (até 8 aulas diárias), em cada uma das 3 séries. Ao final do curso, o aluno terá concluído o Ensino Médio e obterá, também, o diploma de Técnico em Meio Ambiente, com validade nacional, de acordo com o perfil profissional a seguir: O TÉCNICO EM MEIO AMBIENTE é o profissional que coleta, armazena e interpreta informações, dados e documentações ambientais. Colabora na elaboração de laudos, relatórios e estudos ambientais. Auxilia na elaboração, no acompanhamento e na execução de sistemas de gestão ambiental. Atua na organização de programas de educação ambiental, de conservação e de preservação de recursos naturais, de redução, reuso e reciclagem. Detecta as intervenções ambientais, auxilia na análise de suas consequências e operacionaliza a execução de ações para preservação, conservação, otimização, minimização e remediação dos seus efeitos. Procura meios de viabilizar soluções ambientais aos interesses e demandas mercadológicos, identificando oportunidades de negócios empreendedores.', '6.0', '3.0', 'https://www.vestibulinhoetec.com.br/unidades-cursos/curso.asp?c=1355', '2006.00', '2709.00', '3550.00', 'https://www.vagas.com.br/cargo/tecnico-em-meio-ambiente', 1),
(15, 'Nutrição e Dietética', 'T', 40, 'O TÉCNICO EM NUTRIÇÃO E DIETÉTICA é o profissional que acompanha e orienta as atividades de controle de qualidade, higiênico-sanitárias e segurança no trabalho, em todo o processo de produção de refeições e alimentos. Acompanha e orienta os procedimentos culinários de preparo de refeições e alimentos. Coordena a execução das atividades de posicionamento, transporte e distribuição de refeições. Pode estruturar e gerenciar serviços de atendimento ao consumidor de indústrias de alimentos e ministrar cursos. Define padrões de procedimentos, elabora Manual de Boas Práticas em Unidades de Alimentação e Nutrição (UAN) e implanta sistemas de qualidade. Realiza, também, a pesagem de pacientes e aplica outras técnicas de mensuração de dados corporais para subsidiar a avaliação nutricional; avalia as dietas de rotina com a prescrição dietética indicada pelo nutricionista. Participa de programas de educação alimentar.', '4.0', '2.0', 'https://www.vestibulinhoetec.com.br/unidades-cursos/curso.asp?c=222', '1502.00', '1703.00', '2026.00', 'https://www.vagas.com.br/cargo/tecnico-em-nutricao', 1),
(16, 'Nutrição e Dietética', 'N', 40, 'O TÉCNICO EM NUTRIÇÃO E DIETÉTICA é o profissional que acompanha e orienta as atividades de controle de qualidade, higiênico-sanitárias e segurança no trabalho, em todo o processo de produção de refeições e alimentos. Acompanha e orienta os procedimentos culinários de preparo de refeições e alimentos. Coordena a execução das atividades de posicionamento, transporte e distribuição de refeições. Pode estruturar e gerenciar serviços de atendimento ao consumidor de indústrias de alimentos e ministrar cursos. Define padrões de procedimentos, elabora Manual de Boas Práticas em Unidades de Alimentação e Nutrição (UAN) e implanta sistemas de qualidade. Realiza, também, a pesagem de pacientes e aplica outras técnicas de mensuração de dados corporais para subsidiar a avaliação nutricional; avalia as dietas de rotina com a prescrição dietética indicada pelo nutricionista. Participa de programas de educação alimentar.', '4.0', '2.0', 'https://www.vestibulinhoetec.com.br/unidades-cursos/curso.asp?c=222', '1502.00', '1703.00', '2026.00', 'https://www.vagas.com.br/cargo/tecnico-em-nutricao', 1),
(17, 'Nutrição e Dietética - Integrado ao Ensino Médio', 'Integral (manhã e tarde)', 40, 'Nesta modalidade de ensino, o aluno cursará o Ensino Médio estruturado em conjunto com a formação de Técnico em Nutrição e Dietética, numa jornada de até 40 aulas semanais (até 8 aulas diárias), em cada uma das 3 séries. Ao final do curso, o aluno terá concluído o Ensino Médio e obterá, também, o diploma de Técnico em Nutrição e Dietética, com validade nacional, de acordo com o perfil profissional a seguir: O TÉCNICO EM NUTRIÇÃO E DIETÉTICA é o profissional que acompanha e orienta as atividades de controle de qualidade, higiênico-sanitárias e segurança no trabalho, em todo o processo de produção de refeições e alimentos. Acompanha e orienta os procedimentos culinários de preparo de refeições e alimentos. Coordena a execução das atividades de posicionamento, transporte e distribuição de refeições. Pode estruturar e gerenciar serviços de atendimento ao consumidor de indústrias de alimentos e ministrar cursos. Define padrões de procedimentos, elabora Manual de Boas Práticas em Unidades de Alimentação e Nutrição e implanta sistemas de qualidade. Realiza, também, a pesagem de pacientes e aplica outras técnicas de mensuração de dados corporais para subsidiar a avaliação nutricional; avalia as dietas de rotina com a prescrição dietética indicada pelo nutricionista. Participa de programas de educação alimentar.', '6.0', '3.0', 'https://www.vestibulinhoetec.com.br/unidades-cursos/curso.asp?c=1330', '1502.00', '1703.00', '2026.00', 'https://www.vagas.com.br/cargo/tecnico-em-nutricao', 1),
(18, 'Química', 'N', 40, 'O TÉCNICO EM QUÍMICA é o profissional que atua na operação, controle e monitoramento de processos industriais. Realiza amostragem, análises químicas, físico-químicas e microbiológicas. Avalia atividades do setor químico, nos limites de sua atuação. Controla a qualidade de matérias-primas, insumos e produtos finalizados. Desenvolve produtos e processos aplicando técnicas de segurança laboratorial. Compra e estoca matérias-primas, insumos e produtos em geral do setor químico.', '4.0', '2.0', 'https://www.vestibulinhoetec.com.br/unidades-cursos/curso.asp?c=421', '1805.00', '2345.00', '3048.00', 'https://www.vagas.com.br/cargo/tecnico-em-quimica', 1),
(19, 'Química - Integrado ao Ensino Médio', 'Integral (manhã e tarde)', 40, 'Nesta modalidade de ensino, o aluno cursará o Ensino Médio estruturado em conjunto com a formação de Técnico em Química, numa jornada de até 40 aulas semanais (até 8 aulas diárias), em cada uma das 3 séries. Ao final do curso, o aluno terá concluído o Ensino Médio e obterá, também, o diploma de Técnico em Química, com validade nacional, de acordo com o perfil profissional a seguir: O TÉCNICO EM QUÍMICA é o profissional que atua no planejamento, na coordenação, na operação e controle dos processos industriais e produtivos. Planeja e coordena os processos laboratoriais. Realiza amostragens, análises químicas, físico-químicas e microbiológicas. Realiza vendas e assistência técnica de equipamentos e produtos químicos. Participa do desenvolvimento de produtos e validação de métodos. Atua com responsabilidade ambiental e em conformidade com as normas técnicas, de qualidade e de boas práticas de manufatura e de segurança.', '6.0', '3.0', 'https://www.vestibulinhoetec.com.br/unidades-cursos/curso.asp?c=1331', '1805.00', '2345.00', '3048.00', 'https://www.vagas.com.br/cargo/tecnico-em-quimica', 1),
(20, 'Administração', 'N', 40, 'O TÉCNICO EM ADMINISTRAÇÃO é o profissional que participa da gestão dos recursos mercadológicos, humanos, financeiros, materiais e produtivos. Executa as rotinas administrativas, controla materiais, acompanha níveis de eficiência e produtividade e presta atendimento a clientes. Trabalha em equipe, otimiza recursos, propõe inovações e adota postura ética na condução das relações e atividades.', '4.0', '2.0', 'https://www.vestibulinhoetec.com.br/unidades-cursos/curso.asp?c=501', '1325.00', '1870.00', '2736.00', 'https://www.vagas.com.br/cargo/tecnico-em-administracao', 2),
(21, 'Contabilidade', 'N', 40, 'O TÉCNICO EM CONTABILIDADE é o profissional que desempenha tarefas relativas à contabilidade e à administração das organizações. Analisa a documentação contábil e elabora planos de contas. Organiza, controla e arquiva documentos relativos à atividade contábil/ administrativa e controla as movimentações. Constitui e regulariza empresas, identifica documentos e informações, atende à fiscalização e procede a consultoria empresarial. Executa a contabilidade geral, operacionaliza a contabilidade de custos e efetua contabilidade gerencial. Administra o departamento de pessoal e realiza controle patrimonial.', '4.0', '2.0', 'https://www.vestibulinhoetec.com.br/unidades-cursos/curso.asp?c=506', '1815.00', '2496.00', '3374.00', 'https://www.vagas.com.br/cargo/tecnico-em-contabilidade', 2),
(22, 'Recursos Humanos', 'N', 40, 'O TÉCNICO EM RECURSOS HUMANOS é o profissional que detém aptidão para intermediar as relações interpessoais e éticas de uma organização. É habilitado para trabalhar na execução das rotinas administrativas de pessoal com base na Legislação Trabalhista e Previdenciária. Auxilia no controle e avaliação de subsistemas de gerenciamento e contribui para a implementação das estratégias organizacionais. Compromete-se com o desenvolvimento humano, administra pessoal, promove ações de treinamento, identifica e sugere plano de benefícios. Descreve e classifica postos de trabalho, aplica questionários e processa informações acerca dos trabalhadores. Atua nos processos de recrutamento, seleção e integração, assessora as relações de trabalho e sistemas de avaliação de desempenho. Presta serviços de comunicação oral e escrita, liderança, motivação, formação de equipes e desenvolvimento de pessoal com empenho no crescimento simultâneo, individual e do grupo. Realiza ações empreendedoras e em processos de orientação sobre a importância da segurança no trabalho e da saúde ocupacional. Propõe relações positivas propícias para o clima organizacional e responsabilidade social aos diversos públicos.', '4.0', '2.0', 'https://www.vestibulinhoetec.com.br/unidades-cursos/curso.asp?c=514', '1783.00', '2954.00', '4322.00', 'https://www.vagas.com.br/cargo/tecnico-de-recursos-humanos', 2),
(23, 'Administração', 'T', 40, 'O TÉCNICO EM ADMINISTRAÇÃO é o profissional que participa da gestão dos recursos mercadológicos, humanos, financeiros, materiais e produtivos. Executa as rotinas administrativas, controla materiais, acompanha níveis de eficiência e produtividade e presta atendimento a clientes. Trabalha em equipe, otimiza recursos, propõe inovações e adota postura ética na condução das relações e atividades.', '4.0', '2.0', 'https://www.vestibulinhoetec.com.br/unidades-cursos/curso.asp?c=501', '1325.00', '1870.00', '2736.00', 'https://www.vagas.com.br/cargo/tecnico-em-administracao', 3),
(24, 'Administração', 'N', 40, 'O TÉCNICO EM ADMINISTRAÇÃO é o profissional que participa da gestão dos recursos mercadológicos, humanos, financeiros, materiais e produtivos. Executa as rotinas administrativas, controla materiais, acompanha níveis de eficiência e produtividade e presta atendimento a clientes. Trabalha em equipe, otimiza recursos, propõe inovações e adota postura ética na condução das relações e atividades.', '4.0', '2.0', 'https://www.vestibulinhoetec.com.br/unidades-cursos/curso.asp?c=501', '1325.00', '1870.00', '2736.00', 'https://www.vagas.com.br/cargo/tecnico-em-administracao', 3),
(25, 'Administração - Integrado ao Ensino Médio', 'Integral (manhã e tarde)', 40, 'Nesta modalidade de ensino, o aluno cursará o Ensino Médio estruturado em conjunto com a formação de Técnico em Administração, numa jornada de até 40 aulas semanais (até 8 aulas diárias), em cada uma das 3 séries. Ao final do curso, o aluno terá concluído o Ensino Médio e obterá, também, o diploma de Técnico em Administração, com validade nacional, de acordo com o perfil profissional a seguir: O TÉCNICO EM ADMINISTRAÇÃO é o profissional que adota postura ética na execução da rotina administrativa, na elaboração do planejamento da produção e materiais, recursos humanos, financeiros e mercadológicos. Realiza atividades de controle e auxilia nos processos de direção, utilizando ferramentas da informática. Fomenta ideias e práticas empreendedoras. Desempenha suas atividades observando as normas de segurança, saúde e higiene do trabalho, bem como as de preservação ambiental.', '6.0', '3.0', 'https://www.vestibulinhoetec.com.br/unidades-cursos/curso.asp?c=1326', '1325.00', '1870.00', '2736.00', 'https://www.vagas.com.br/cargo/tecnico-em-administracao', 3),
(26, 'Desenvolvimento de Sistemas', 'T', 40, 'O TÉCNICO EM DESENVOLVIMENTO DE SISTEMAS é o profissional que analisa e projeta sistemas. Constrói, documenta, realiza testes e mantém sistemas de informação. Utiliza ambientes de desenvolvimento e linguagens de programação específica. Modela, implementa e mantém bancos de dados.', '4.0', '2.0', 'https://www.vestibulinhoetec.com.br/unidades-cursos/curso.asp?c=1500', '2221.00', '3113.00', '4754.00', 'https://www.vagas.com.br/cargo/desenvolvedor-de-sistemas', 3),
(27, 'Desenvolvimento de Sistemas', 'N', 40, 'O TÉCNICO EM DESENVOLVIMENTO DE SISTEMAS é o profissional que analisa e projeta sistemas. Constrói, documenta, realiza testes e mantém sistemas de informação. Utiliza ambientes de desenvolvimento e linguagens de programação específica. Modela, implementa e mantém bancos de dados.', '4.0', '2.0', 'https://www.vestibulinhoetec.com.br/unidades-cursos/curso.asp?c=1500', '2221.00', '3113.00', '4754.00', 'https://www.vagas.com.br/cargo/desenvolvedor-de-sistemas', 3),
(28, 'Ensino Médio - Linguagens, Ciências Humanas e Sociais', 'M', 40, 'O aluno egresso do Ensino Médio deverá ser capaz de, a partir da consolidação e do aproveitamento de conhecimentos e competências adquiridos no Ensino Fundamental, construir novos saberes e habilidades para a solução de problemas do mundo real, mobilizando linguagens, raciocínio lógico-matemático, conhecimentos sócio-históricos, científicos, tecnológicos, artísticos e culturais, no contexto da sociedade contemporânea, além de competências pessoais como capacidade de trabalhar de modo autônomo e também colaborativo, respeitando valores e atitudes éticas e ambientais. Poderá ser capaz de argumentar com base em fatos e fontes diversas, cuidar de sua saúde física e emocional e agir com flexibilidade nos campos de atuação social. O foco deste itinerário formativo será a competência na linguagem escrita e na linguagem oral, o desenvolvimento de capacidades intelectuais e expressivas e o interesse em aprender a língua materna e idiomas estrangeiros, preferencialmente o inglês, bem como estudar o homem do ponto de vista social, cultural e histórico. Especificamente em relação ao Itinerário Formativo de Linguagens, Ciências Humanas e Sociais, o aluno poderá prosseguir estudos em nível superior preferencialmente nas áreas/Curso de: Administração, Arquitetura e Humanismo, Artes, Audiovisual, Ciências da Informação e Comunicação, Ciências Humanas e Sociais, Comércio Exterior, Comunicações, Design, Direito, Economia, Eventos, Filosofia, Fotografia, Geografia, História, Letras, Marketing, Moda, Multimídia, Pedagogia, Produção Cultural, Psicologia, Publicidade, Secretariado, Sociologia, Turismo e Hospitalidade, entre outros.', '6.0', '3.0', 'https://www.vestibulinhoetec.com.br/unidades-cursos/curso.asp?c=1547', '1000.00', '1500.00', '3000.00', '', 3),
(29, 'Ensino Médio com Habilitação Profissional de Técnico em Administração - Novotec integrado', 'M', 40, 'Nesta modalidade de ensino, baseada na Lei nº 13.415/17, o aluno cursará o Ensino Médio estruturado em conjunto com a formação de Técnico em Administração, numa jornada de até 30 aulas semanais (até 6 aulas diárias), em cada uma das 3 séries. Ao final do curso, o aluno terá concluído o Ensino Médio e obterá, também, o diploma de Técnico em Administração, com validade nacional, de acordo com o perfil profissional a seguir: O TÉCNICO EM ADMINISTRAÇÃO é o profissional que participa da gestão dos recursos mercadológicos, humanos, financeiros, materiais e produtivos. Executa as rotinas administrativas, controla materiais, acompanha níveis de eficiência e produtividade, presta atendimento a clientes, e elabora fluxo de caixa. Trabalha em equipe, otimiza recursos, propõe inovações e adota postura ética na condução das relações e atividades.', '6.0', '3.0', 'https://www.vestibulinhoetec.com.br/unidades-cursos/curso.asp?c=1509', '1000.00', '1500.00', '3000.00', '', 3),
(30, 'Logística', 'N', 40, 'O TÉCNICO EM LOGÍSTICA é o profissional que colabora na gestão dos processos de planejamento, operação e controle de programação nas áreas de produção de bens e serviços, de compras, de armazenagem, de estoques, de movimentação e de expedição. Viabiliza o transporte e a distribuição de materiais e produtos, coordena a manutenção de máquinas e de equipamentos e executa as funções, utilizando tecnologia de informação. Identifica metodologias, sistemas, procedimentos, equipamentos e estabelece critérios para seleção e utilização adequada. Elabora tabelas, interpreta gráficos e mapeia o custeio das áreas produtivas envolvidas. Implementa os procedimentos de controle de custos, qualidade, segurança e higiene do trabalho no sistema logístico. Atua em equipe, segundo princípios éticos e cidadãos.', '4.0', '2.0', 'https://www.vestibulinhoetec.com.br/unidades-cursos/curso.asp?c=511', '1808.00', '2369.00', '3208.00', 'https://www.vagas.com.br/cargo/tecnico-em-logistica', 3),
(31, 'Administração', 'N', 40, 'O TÉCNICO EM ADMINISTRAÇÃO é o profissional que participa da gestão dos recursos mercadológicos, humanos, financeiros, materiais e produtivos. Executa as rotinas administrativas, controla materiais, acompanha níveis de eficiência e produtividade e presta atendimento a clientes. Trabalha em equipe, otimiza recursos, propõe inovações e adota postura ética na condução das relações e atividades.', '4.0', '2.0', 'https://www.vestibulinhoetec.com.br/unidades-cursos/curso.asp?c=501', '1325.00', '1870.00', '2736.00', 'https://www.vagas.com.br/cargo/tecnico-em-administracao', 4),
(32, 'Desenvolvimento de Sistemas', 'EaD (online)', 40, 'O TÉCNICO EM DESENVOLVIMENTO DE SISTEMAS é o profissional que analisa e projeta sistemas. Constrói, documenta, realiza testes e mantém sistemas de informação. Utiliza ambientes de desenvolvimento e linguagens de programação específica. Modela, implementa e mantém bancos de dados.', '4.0', '2.0', 'https://www.vestibulinhoetec.com.br/unidades-cursos/curso.asp?c=1568', '2221.00', '3113.00', '4754.00', 'https://www.vagas.com.br/cargo/desenvolvedor-de-sistemas', 4),
(33, 'Desenvolvimento de Sistemas - Integrado ao Ensino Médio', 'Integral (manhã e tarde)', 40, 'Nesta modalidade de ensino, o aluno cursará o Ensino Médio estruturado em conjunto com a formação de Técnico em Desenvolvimento de Sistemas, numa jornada de até 40 aulas semanais (até 8 aulas diárias), em cada uma das 3 séries. Ao final do curso, o aluno terá concluído o Ensino Médio e obterá, também, o diploma de Técnico em Desenvolvimento de Sistemas, com validade nacional, de acordo com o perfil profissional a seguir: O TÉCNICO EM DESENVOLVIMENTO DE SISTEMAS é o profissional que analisa e projeta sistemas. Constrói, documenta, realiza testes e mantém sistemas de informação. Utiliza ambientes de desenvolvimento e linguagens de programação específica. Modela, implementa e mantém bancos de dados.', '6.0', '3.0', 'https://www.vestibulinhoetec.com.br/unidades-cursos/curso.asp?c=1545', '2221.00', '3113.00', '4754.00', 'https://www.vagas.com.br/cargo/desenvolvedor-de-sistemas', 4),
(34, 'Ensino Médio com Habilitação Profissional de Técnico em Administração - Novotec integrado', 'M', 40, 'Nesta modalidade de ensino, baseada na Lei nº 13.415/17, o aluno cursará o Ensino Médio estruturado em conjunto com a formação de Técnico em Administração, numa jornada de até 30 aulas semanais (até 6 aulas diárias), em cada uma das 3 séries. Ao final do curso, o aluno terá concluído o Ensino Médio e obterá, também, o diploma de Técnico em Administração, com validade nacional, de acordo com o perfil profissional a seguir: O TÉCNICO EM ADMINISTRAÇÃO é o profissional que participa da gestão dos recursos mercadológicos, humanos, financeiros, materiais e produtivos. Executa as rotinas administrativas, controla materiais, acompanha níveis de eficiência e produtividade, presta atendimento a clientes, e elabora fluxo de caixa. Trabalha em equipe, otimiza recursos, propõe inovações e adota postura ética na condução das relações e atividades.', '6.0', '3.0', 'https://www.vestibulinhoetec.com.br/unidades-cursos/curso.asp?c=1509', '1000.00', '1500.00', '3000.00', '', 4),
(35, 'Ensino Médio com Habilitação Profissional de Técnico em Informática Para Internet - Novotec integrado', 'M', 40, 'Nesta modalidade de ensino, baseada na Lei nº 13.415/17, o aluno cursará o Ensino Médio estruturado em conjunto com a formação de Técnico em Informática Para Internet, numa jornada de até 30 aulas semanais (até 6 aulas diárias), em cada uma das 3 séries. Ao final do curso, o aluno terá concluído o Ensino Médio e obterá, também, o diploma de Técnico em Informática Para Internet, com validade nacional, de acordo com o perfil profissional a seguir: O TÉCNICO EM INFORMÁTICA PARA INTERNET é o profissional que desenvolve e realiza manutenção em websites e portais na Internet e Intranet. Utiliza ferramentas de desenvolvimento de projetos para construir soluções que auxiliam o processo de criação de interfaces e aplicativos empregados no comércio e marketing eletrônicos.', '6.0', '3.0', 'https://www.vestibulinhoetec.com.br/unidades-cursos/curso.asp?c=1541', '1000.00', '1500.00', '3000.00', '', 4),
(36, 'Ensino Médio com Habilitação Profissional de Técnico em Informática Para Internet - Novotec integrado', 'T', 40, 'Nesta modalidade de ensino, baseada na Lei nº 13.415/17, o aluno cursará o Ensino Médio estruturado em conjunto com a formação de Técnico em Informática Para Internet, numa jornada de até 30 aulas semanais (até 6 aulas diárias), em cada uma das 3 séries. Ao final do curso, o aluno terá concluído o Ensino Médio e obterá, também, o diploma de Técnico em Informática Para Internet, com validade nacional, de acordo com o perfil profissional a seguir: O TÉCNICO EM INFORMÁTICA PARA INTERNET é o profissional que desenvolve e realiza manutenção em websites e portais na Internet e Intranet. Utiliza ferramentas de desenvolvimento de projetos para construir soluções que auxiliam o processo de criação de interfaces e aplicativos empregados no comércio e marketing eletrônicos.', '6.0', '3.0', 'https://www.vestibulinhoetec.com.br/unidades-cursos/curso.asp?c=1541', '1000.00', '1500.00', '3000.00', '', 4),
(37, 'Gestão de Projetos - Especialização (EaD - On-line)', 'EaD (online)', 40, 'O curso de CURSO DE ESPECIALIZAÇÃO PROFISSIONAL DE NÍVEL MÉDIO TÉCNICA EM GESTÃO DE PROJETOS tem como objetivo capacitar o egresso para agir na concepção, na metodologia e na execução de projetos nas mais diversas áreas de atuação, de modo a possibilitar a compreensão do papel e o processo de gerenciamento de projetos dentro das organizações.', '4.0', '2.0', 'https://www.vestibulinhoetec.com.br/unidades-cursos/curso.asp?c=1567', '1000.00', '1500.00', '3000.00', '', 4),
(38, 'Guia de Turismo - (EaD - On-line)', 'EaD (online)', 40, 'O TÉCNICO EM GUIA DE TURISMO orienta, assiste e conduz pessoas ou grupos durante traslados, passeios, visitas, viagens, com ética profissional e respeito ao ambiente, à cultura e à legislação. Informa sobre aspectos socioculturais, históricos, ambientais, geográficos e outros interesses do turista. Apresenta ao visitante opções de roteiros e itinerários turísticos disponíveis e, quando for o caso, concebe-o considerando as expectativas ou necessidades do visitante, tanto no âmbito regional e/ ou nacional. Utiliza instrumentos de comunicação, localização, técnicas de condução, de interpretação ambiental e cultural.', '4.0', '2.0', 'https://www.vestibulinhoetec.com.br/unidades-cursos/curso.asp?c=1494', '1000.00', '1500.00', '3000.00', '', 4),
(39, 'Manutenção e Suporte em Informática', 'N', 40, 'O TÉCNICO EM MANUTENÇÃO E SUPORTE EM INFORMÁTICA é o profissional que realiza manutenção preventiva e corretiva de equipamentos, identificando os componentes de um computador e suas funcionalidades. Instala e configura equipamentos e softwares de rede. Avalia a necessidade de substituição ou mesmo atualização de equipamentos e softwares. Instala e configura programas utilitários, aplicativos e sistemas operacionais. Realiza procedimentos de backup (leia-se \"becape\") e recuperação de dados.', '4.0', '2.0', 'https://www.vestibulinhoetec.com.br/unidades-cursos/curso.asp?c=705', '1000.00', '1500.00', '3000.00', '', 4),
(40, 'Recursos Humanos', 'N', 40, 'O TÉCNICO EM RECURSOS HUMANOS é o profissional que detém aptidão para intermediar as relações interpessoais e éticas de uma organização. É habilitado para trabalhar na execução das rotinas administrativas de pessoal com base na Legislação Trabalhista e Previdenciária. Auxilia no controle e avaliação de subsistemas de gerenciamento e contribui para a implementação das estratégias organizacionais. Compromete-se com o desenvolvimento humano, administra pessoal, promove ações de treinamento, identifica e sugere plano de benefícios. Descreve e classifica postos de trabalho, aplica questionários e processa informações acerca dos trabalhadores. Atua nos processos de recrutamento, seleção e integração, assessora as relações de trabalho e sistemas de avaliação de desempenho. Presta serviços de comunicação oral e escrita, liderança, motivação, formação de equipes e desenvolvimento de pessoal com empenho no crescimento simultâneo, individual e do grupo. Realiza ações empreendedoras e em processos de orientação sobre a importância da segurança no trabalho e da saúde ocupacional. Propõe relações positivas propícias para o clima organizacional e responsabilidade social aos diversos públicos.', '4.0', '2.0', 'https://www.vestibulinhoetec.com.br/unidades-cursos/curso.asp?c=514', '1000.00', '1500.00', '3000.00', '', 4),
(41, 'Secretariado - (EaD - On-line)', 'EaD (online)', 40, 'O TÉCNICO EM SECRETARIADO é o profissional que auxilia os executivos no desempenho de suas funções, gerenciando informações, auxiliando na execução de suas tarefas administrativas e em reuniões. Coordena equipes e atividades; controla documentos e correspondências. Faz atendimento ao cliente, negociações com fornecedores, administra relacionamentos e conflitos internos e externos. Atua na gestão de processos, na confecção de produtos e estruturação de portifólios, na elaboração de apresentações,na estruturação de relatórios administrativos, na composição de planilhas orçamentárias e demais serviços específicos da empresa em que trabalha.', '4.0', '2.0', 'https://www.vestibulinhoetec.com.br/unidades-cursos/curso.asp?c=1490', '1000.00', '1500.00', '3000.00', '', 4),
(42, 'Transações Imobiliárias - (EaD - On-line)', 'EaD (online)', 40, 'O TÉCNICO EM TRANSAÇÕES IMOBILIÁRIAS é o profissional habilitado para intermediar a compra, a venda, a locação e a permuta. Atua na administração de bens imóveis, solicita e orienta quanto à documentação necessária para cadastramento, transferência, inscrição e registro junto aos órgãos competentes. Apresenta os imóveis aos clientes potenciais e orienta investimentos no mercado imobiliário. Realiza pesquisa de mercado, bem como a captação de imóveis elaborando estratégias de demonstração e comercialização. Identifica e aplica os parâmetros de uso e ocupação do solo para lotes urbanos e áreas rurais. Assessora os síndicos na administração de condomínios. Atua como avaliador de imóveis urbanos e rurais. Emite parecer técnico de avaliação mercadológica e comercial sobre o bem a ser comercializado. Lê e interpreta projetos arquitetônicos e mapas. Estuda qualitativamente e quantitativamente as potencialidades das edificações e entorno. Acompanha a movimentação do mercado para antever tendências que afetam o empreendimento. Presta assessoria aos clientes após a transação imobiliária.', '4.0', '2.0', 'https://www.vestibulinhoetec.com.br/unidades-cursos/curso.asp?c=1587', '1000.00', '1500.00', '3000.00', '', 4),
(43, 'Administração', 'N', 35, 'O TÉCNICO EM ADMINISTRAÇÃO é o profissional que participa da gestão dos recursos mercadológicos, humanos, financeiros, materiais e produtivos. Executa as rotinas administrativas, controla materiais, acompanha níveis de eficiência e produtividade e presta atendimento a clientes. Trabalha em equipe, otimiza recursos, propõe inovações e adota postura ética na condução das relações e atividades.', '4.0', '2.0', 'https://www.vestibulinhoetec.com.br/unidades-cursos/curso.asp?c=501', '1325.00', '1870.00', '2736.00', 'https://www.vagas.com.br/cargo/tecnico-em-administracao', 5),
(44, 'Serviços Jurídicos', 'N', 35, 'O TÉCNICO EM SERVIÇOS JURÍDICOS é o profissional que atua diretamente na rotina de escritórios de advocacia e demais organizações que dispõem de setor ou departamento jurídico, dando suporte e apoio técnico-administrativo ao profissional do direito. É responsável pelo acompanhamento, gerenciamento e arquivo de processos de natureza jurídica. Presta atendimento receptivo ao público.', '4.0', '2.0', 'https://www.vestibulinhoetec.com.br/unidades-cursos/curso.asp?c=520', '1000.00', '1500.00', '3000.00', '', 5),
(45, 'Administração - (EaD - On-line)', 'EaD (online)', 40, 'O TÉCNICO EM ADMINISTRAÇÃO é o profissional que controla a rotina administrativa das empresas. Colabora nos planejamentos estratégico, tático e operacional. Realiza atividades em recursos humanos e intermedeia mão-de-obra para colocação e recolocação. Atua na área de compras, auxilia no setor contábil e assessora a área de vendas. Intercambia mercadorias e serviços e executa atividades nas áreas fiscal e financeira.', '4.0', '2.0', 'https://www.vestibulinhoetec.com.br/unidades-cursos/curso.asp?c=1488', '1325.00', '1870.00', '2736.00', 'https://www.vagas.com.br/cargo/tecnico-em-administracao', 6),
(46, 'Automação Industrial - Integrado ao Ensino Médio', 'Integral (manhã e tarde)', 40, 'Nesta modalidade de ensino, o aluno cursará o Ensino Médio estruturado em conjunto com a formação de Técnico em Automação Industrial, numa jornada de até 40 aulas semanais (até 8 aulas diárias), em cada uma das 3 séries. Ao final do curso, o aluno terá concluído o Ensino Médio e obterá, também, o diploma de Técnico em Automação Industrial, com validade nacional, de acordo com o perfil profissional a seguir: O TÉCNICO EM AUTOMAÇÃO INDUSTRIAL é o profissional que projeta, instala, programa, integra e realiza manutenção em sistemas aplicados à automação e controle de processos industriais; analisa especificações de componentes e equipamentos que compõem sistemas automatizados; coordena equipes de trabalho e avalia a qualidade dos dispositivos e sistemas automatizados. Programa, opera e mantém os sistemas automatizados, respeitando normas técnicas de segurança.', '6.0', '3.0', 'https://www.vestibulinhoetec.com.br/unidades-cursos/curso.asp?c=1344', '1000.00', '1500.00', '3000.00', '', 6),
(47, 'Comércio - (EaD - On-line)', 'EaD (online)', 40, 'O TÉCNICO EM COMÉRCIO é o profissional que aplica métodos de comercialização de bens e serviços, visando à competitividade no mercado e atendendo as diretrizes organizacionais. Comunica previsões e demandas aos fornecedores. Efetua controle quantitativo e qualitativo de produtos e procede a sua armazenagem no estabelecimento comercial. Operacionaliza planos de marketing e comunicação, logística, recursos humanos e comercialização.', '4.0', '2.0', 'https://www.vestibulinhoetec.com.br/unidades-cursos/curso.asp?c=1489', '1000.00', '1500.00', '3000.00', '', 6),
(48, 'Desenvolvimento de Sistemas (EaD - On-line)', 'EaD (online)', 40, 'O TÉCNICO EM DESENVOLVIMENTO DE SISTEMAS é o profissional que analisa e projeta sistemas. Constrói, documenta, realiza testes e mantém sistemas de informação. Utiliza ambientes de desenvolvimento e linguagens de programação específica. Modela, implementa e mantém bancos de dados.', '4.0', '2.0', 'https://www.vestibulinhoetec.com.br/unidades-cursos/curso.asp?c=1568', '1000.00', '1500.00', '3000.00', '', 6),
(49, 'Eletrônica (com até 20% online)', 'N', 40, 'O TÉCNICO EM ELETRÔNICA é o profissional que realiza o desenvolvimento de projetos de sistemas eletrônicos embarcados aplicando tecnologia de circuitos microprocessados e microcontrolados, bem como semicondutores de potência e componentes microeletrônicos. Implementa interfaces de automação com comandos eletromecânicos ou controladores lógicos programáveis instalados em sistemas de controle de processos. Executa e supervisiona trabalhos de instalação e reparo de equipamentos, sistemas eletrônicos inclusive de transmissão e recepção de sinais. Realiza testes de calibração em equipamentos eletrônicos com o uso de aparelhos eletrônicos de medição. Aplica técnicas e métodos de controle de erros e defeitos na linha de produção. Participa na identificação e atuação das causas geradoras de defeito a fim de manter a qualidade dos produtos e serviços. Aplica normas técnicas e de segurança do trabalho e meio ambiente em conformidade com os padrões nacionais e internacionais. O curso conta com até 20% da carga horária com atividades não presenciais, nos termos do Art. 26, parágrafo único, da Resolução CNE/CEB nº 6, de 20 de setembro de 2012.', '4.0', '2.0', 'https://www.vestibulinhoetec.com.br/unidades-cursos/curso.asp?c=1582', '2024.00', '2632.00', '3511.00', 'https://www.vagas.com.br/cargo/tecnico-em-eletrotecnica', 6),
(50, 'Eletrotécnica', 'N', 40, 'O TÉCNICO EM ELETROTÉCNICA é o profissional que instala, opera e mantém elementos de geração, transmissão e distribuição de energia elétrica. Participa na elaboração e no desenvolvimento de projetos de instalações elétricas e de infraestrutura para sistemas de telecomunicações em edificações. Atua no planejamento e execução da instalação e manutenção de equipamentos e instalações elétricas. Aplica medidas para o uso eficiente da energia elétrica e de fontes energéticas alternativas. Participa no projeto e instala sistemas de acionamentos elétricos. Executa a instalação e manutenção de iluminação e sinalização de segurança.', '4.0', '2.0', 'https://www.vestibulinhoetec.com.br/unidades-cursos/curso.asp?c=407', '1000.00', '1500.00', '3000.00', '', 6),
(51, 'Ensino Médio com Habilitação Profissional de Técnico em Administração - Novotec integrado', 'M', 40, 'Nesta modalidade de ensino, baseada na Lei nº 13.415/17, o aluno cursará o Ensino Médio estruturado em conjunto com a formação de Técnico em Administração, numa jornada de até 30 aulas semanais (até 6 aulas diárias), em cada uma das 3 séries. Ao final do curso, o aluno terá concluído o Ensino Médio e obterá, também, o diploma de Técnico em Administração, com validade nacional, de acordo com o perfil profissional a seguir: O TÉCNICO EM ADMINISTRAÇÃO é o profissional que participa da gestão dos recursos mercadológicos, humanos, financeiros, materiais e produtivos. Executa as rotinas administrativas, controla materiais, acompanha níveis de eficiência e produtividade, presta atendimento a clientes, e elabora fluxo de caixa. Trabalha em equipe, otimiza recursos, propõe inovações e adota postura ética na condução das relações e atividades.', '6.0', '3.0', 'https://www.vestibulinhoetec.com.br/unidades-cursos/curso.asp?c=1509', '1000.00', '1500.00', '3000.00', '', 6);
INSERT INTO `cursos` (`id_curso`, `nome`, `periodo`, `vagas`, `descricao`, `duracao_sem`, `duracao_ano`, `fonte_curso`, `sal_ini`, `sal_med`, `sal_exp`, `fonte_carrer`, `fk_idscholl`) VALUES
(52, 'Ensino Médio com Habilitação Profissional de Técnico em Administração - Novotec integrado', 'T', 40, 'Nesta modalidade de ensino, baseada na Lei nº 13.415/17, o aluno cursará o Ensino Médio estruturado em conjunto com a formação de Técnico em Administração, numa jornada de até 30 aulas semanais (até 6 aulas diárias), em cada uma das 3 séries. Ao final do curso, o aluno terá concluído o Ensino Médio e obterá, também, o diploma de Técnico em Administração, com validade nacional, de acordo com o perfil profissional a seguir: O TÉCNICO EM ADMINISTRAÇÃO é o profissional que participa da gestão dos recursos mercadológicos, humanos, financeiros, materiais e produtivos. Executa as rotinas administrativas, controla materiais, acompanha níveis de eficiência e produtividade, presta atendimento a clientes, e elabora fluxo de caixa. Trabalha em equipe, otimiza recursos, propõe inovações e adota postura ética na condução das relações e atividades.', '6.0', '3.0', 'https://www.vestibulinhoetec.com.br/unidades-cursos/curso.asp?c=1509', '1000.00', '1500.00', '3000.00', '', 6),
(53, 'Ensino Médio com Habilitação Profissional de Técnico em Desenvolvimento de Sistemas - Novotec integrado', 'M', 40, 'Nesta modalidade de ensino, baseada na Lei nº 13.415/17, o aluno cursará o Ensino Médio estruturado em conjunto com a formação de Técnico em Desenvolvimento, numa jornada de até 30 aulas semanais (até 6 aulas diárias), em cada uma das 3 séries. Ao final do curso, o aluno terá concluído o Ensino Médio e obterá, também, o diploma de Técnico em Desenvolvimento de Sistemas, com validade nacional, de acordo com o perfil profissional a seguir: O TÉCNICO EM DESENVOLVIMENTO DE SISTEMAS é o profissional que analisa e projeta sistemas. Constrói, documenta, realiza testes e mantém sistemas de informação. Utiliza ambientes de desenvolvimento e linguagens de programação específica. Modela, implementa e mantém bancos de dados.', '6.0', '3.0', 'https://www.vestibulinhoetec.com.br/unidades-cursos/curso.asp?c=1535', '1000.00', '1500.00', '3000.00', '', 6),
(54, 'Ensino Médio com Habilitação Profissional de Técnico em Desenvolvimento de Sistemas - Novotec integrado', 'T', 40, 'Nesta modalidade de ensino, baseada na Lei nº 13.415/17, o aluno cursará o Ensino Médio estruturado em conjunto com a formação de Técnico em Desenvolvimento, numa jornada de até 30 aulas semanais (até 6 aulas diárias), em cada uma das 3 séries. Ao final do curso, o aluno terá concluído o Ensino Médio e obterá, também, o diploma de Técnico em Desenvolvimento de Sistemas, com validade nacional, de acordo com o perfil profissional a seguir: O TÉCNICO EM DESENVOLVIMENTO DE SISTEMAS é o profissional que analisa e projeta sistemas. Constrói, documenta, realiza testes e mantém sistemas de informação. Utiliza ambientes de desenvolvimento e linguagens de programação específica. Modela, implementa e mantém bancos de dados.', '6.0', '3.0', 'https://www.vestibulinhoetec.com.br/unidades-cursos/curso.asp?c=1535', '1000.00', '1500.00', '3000.00', '', 6),
(55, 'Ensino Médio com Habilitação Profissional de Técnico em Eletrônica - Novotec integrado', 'M', 40, 'Nesta modalidade de ensino, baseada na Lei nº 13.415/17, o aluno cursará o Ensino Médio estruturado em conjunto com a formação de Técnico em Eletrônica, numa jornada de até 30 aulas semanais (até 6 aulas diárias), em cada uma das 3 séries. Ao final do curso, o aluno terá concluído o Ensino Médio e obterá, também, o diploma de Técnico em Eletrônica, com validade nacional, de acordo com o perfil profissional a seguir: O TÉCNICO EM ELETRÔNICA é o profissional que participa do desenvolvimento de projetos eletrônicos. Executa a instalação e a manutenção de equipamentos e sistemas eletrônicos. Realiza medições e testes com equipamentos eletrônicos. Executa procedimentos de controle de qualidade e gestão da produção de equipamentos eletrônicos.', '6.0', '3.0', 'https://www.vestibulinhoetec.com.br/unidades-cursos/curso.asp?c=1538', '1000.00', '1500.00', '3000.00', '', 6),
(56, 'Ensino Médio com Habilitação Profissional de Técnico em Informática Para Internet - Novotec integrado', 'T', 40, 'Nesta modalidade de ensino, baseada na Lei nº 13.415/17, o aluno cursará o Ensino Médio estruturado em conjunto com a formação de Técnico em Informática Para Internet, numa jornada de até 30 aulas semanais (até 6 aulas diárias), em cada uma das 3 séries. Ao final do curso, o aluno terá concluído o Ensino Médio e obterá, também, o diploma de Técnico em Informática Para Internet, com validade nacional, de acordo com o perfil profissional a seguir: O TÉCNICO EM INFORMÁTICA PARA INTERNET é o profissional que desenvolve e realiza manutenção em websites e portais na Internet e Intranet. Utiliza ferramentas de desenvolvimento de projetos para construir soluções que auxiliam o processo de criação de interfaces e aplicativos empregados no comércio e marketing eletrônicos.', '6.0', '3.0', 'https://www.vestibulinhoetec.com.br/unidades-cursos/curso.asp?c=1541', '1000.00', '1500.00', '3000.00', '', 6),
(57, 'Ensino Médio com Habilitação Profissional de Técnico em Manutenção Automotiva - Novotec integrado', 'M', 40, 'Nesta modalidade de ensino, baseada na Lei nº 13.415/17, o aluno cursará o Ensino Médio estruturado em conjunto com a formação de Técnico em Manutenção Automotiva, numa jornada de até 30 aulas semanais (até 6 aulas diárias), em cada uma das 3 séries. Ao final do curso, o aluno terá concluído o Ensino Médio e obterá, também, o diploma de Técnico em Manutenção Automotiva, com validade nacional, de acordo com o perfil profissional a seguir: O TÉCNICO EM MANUTENÇÃO AUTOMOTIVA é o profissional que realiza diagnósticos, elabora e executa planos de manutenção (preventiva e corretiva) e instalações de equipamentos, dispositivos e acessórios em veículos automotivos. Avalia e busca melhorias quanto à emissão de gases poluentes e às condições gerais de funcionamento e segurança do veículo. Coordena e realiza os diversos tipos de manutenção mecânica e eletroeletrônicos em veículos automotivos e manipula instrumentos de testes e diagnósticos. Controla o registro, seguro e documentação de veículos automotivos. Interpreta desenhos técnicos. Aplica técnicas de medição e ensaios. Analisa ruídos e inspeciona segurança veicular. Realizam ensaios e testes e montam componentes na fabricação e manutenção veicular automobilística, de acordo com normas de qualidade e de segurança do trabalho. Prestam assessoria a equipes internas e externas.', '6.0', '3.0', 'https://www.vestibulinhoetec.com.br/unidades-cursos/curso.asp?c=1571', '1000.00', '1500.00', '3000.00', '', 6),
(58, 'Ensino Médio com Habilitação Profissional de Técnico em Mecatrônica - Novotec integrado', 'M', 40, 'Nesta modalidade de ensino, baseada na Lei nº 13.415/17, o aluno cursará o Ensino Médio estruturado em conjunto com a formação de Técnico em Mecatrônica, numa jornada de até 30 aulas semanais (até 6 aulas diárias), em cada uma das 3 séries. Ao final do curso, o aluno terá concluído o Ensino Médio e obterá, também, o diploma de Técnico em Mecatrônica, com validade nacional, de acordo com o perfil profissional a seguir: O TÉCNICO EM MECATRÔNICA é o profissional que atua no projeto, montagem e instalação de máquinas e equipamentos automatizados e sistemas robotizados. Realiza medições, programação e opera sistemas mecatrônicos, conforme especificações técnicas. Utiliza softwares específicos e linguagens de programação. Pode coordenar equipes e treinamento operacional, nos limites de suas atribuições. Atua na melhoria dos sistemas convencionais de produção. Realiza manutenções preditiva, preventiva e corretiva, em conformidade com as normas técnicas e de higiene, segurança, qualidade e proteção ao meio ambiente. Integra equipamentos mecânicos e eletrônicos e executa procedimentos de controle da qualidade e gestão.', '6.0', '3.0', 'https://www.vestibulinhoetec.com.br/unidades-cursos/curso.asp?c=1573', '1000.00', '1500.00', '3000.00', '', 6),
(59, 'Gestão de Projetos - Especialização (EaD - On-line)', 'EaD (online)', 40, 'O curso de CURSO DE ESPECIALIZAÇÃO PROFISSIONAL DE NÍVEL MÉDIO TÉCNICA EM GESTÃO DE PROJETOS tem como objetivo capacitar o egresso para agir na concepção, na metodologia e na execução de projetos nas mais diversas áreas de atuação, de modo a possibilitar a compreensão do papel e o processo de gerenciamento de projetos dentro das organizações.', '4.0', '2.0', 'https://www.vestibulinhoetec.com.br/unidades-cursos/curso.asp?c=1567', '1000.00', '1500.00', '3000.00', '', 6),
(60, 'Guia de Turismo - (EaD - On-line)', 'EaD (online)', 40, 'O TÉCNICO EM GUIA DE TURISMO orienta, assiste e conduz pessoas ou grupos durante traslados, passeios, visitas, viagens, com ética profissional e respeito ao ambiente, à cultura e à legislação. Informa sobre aspectos socioculturais, históricos, ambientais, geográficos e outros interesses do turista. Apresenta ao visitante opções de roteiros e itinerários turísticos disponíveis e, quando for o caso, concebe-o considerando as expectativas ou necessidades do visitante, tanto no âmbito regional e/ ou nacional. Utiliza instrumentos de comunicação, localização, técnicas de condução, de interpretação ambiental e cultural.', '4.0', '2.0', 'https://www.vestibulinhoetec.com.br/unidades-cursos/curso.asp?c=1494', '1000.00', '1500.00', '3000.00', '', 6),
(61, 'Manutenção Automotiva', 'N', 40, 'O TÉCNICO EM MANUTENÇÃO AUTOMOTIVA é o profissional que realiza diagnóstico, manutenção e instalação de equipamentos, dispositivos e acessórios em veículos. Avalia e busca melhorias quanto à emissão de gases poluentes e às condições gerais de funcionamento e segurança do veículo. Coordena equipe de mecânicos para os diversos tipos de automóveis, realiza reparos mecânicos e eletroeletrônicos, manipula instrumentos de testes e diagnósticos. Elabora planos de logísticas de manutenção preventiva e corretiva. Aplica e utiliza ferramentas na execução de serviços. Analisa ruídos e inspeciona segurança veicular.', '4.0', '2.0', 'https://www.vestibulinhoetec.com.br/unidades-cursos/curso.asp?c=411', '1000.00', '1500.00', '3000.00', '', 6),
(62, 'Mecânica', 'N', 40, 'O TÉCNICO EM MECÂNICA é o profissional que elabora projetos mecânicos e sistemas automatizados. Planeja, aplica e controla procedimentos de instalação e de manutenção mecânica de máquinas e equipamentos. Desenvolve e controla processos de fabricação e montagem de conjuntos mecânicos. Aplica técnicas de medição e ensaios. Especifica materiais para construção mecânica. Elabora documentação, realiza compras e vendas técnicas e cumpre normas e procedimentos de segurança no trabalho e de preservação ambiental.', '4.0', '2.0', 'https://www.vestibulinhoetec.com.br/unidades-cursos/curso.asp?c=414', '1000.00', '1500.00', '3000.00', '', 6),
(63, 'Mecatrônica', 'N', 40, 'O TÉCNICO EM MECATRÔNICA é o profissional que atua no projeto, na execução e na instalação de máquinas e equipamentos automatizados e sistemas robotizados. Realiza manutenção, medições e testes dessas máquinas, equipamentos e sistemas, conforme especificações técnicas. Opera equipamentos, utiliza softwares específicos e linguagens de programação adequadas. Organiza local de trabalho. Coordena, equipes e oferece treinamento operacional. Realiza manutenções preditiva, preventiva e corretiva, em conformidade com as normas técnicas e higiene, segurança, qualidade e proteção ao meio ambiente. Programa e opera estas máquinas observando as normas de segurança.', '4.0', '2.0', 'https://www.vestibulinhoetec.com.br/unidades-cursos/curso.asp?c=416', '1000.00', '1500.00', '3000.00', '', 6),
(64, 'Mecatrônica - Integrado ao Ensino Médio', 'Integral (manhã e tarde)', 40, 'Nesta modalidade de ensino, o aluno cursará o Ensino Médio estruturado em conjunto com a formação de Técnico em Mecatrônica, numa jornada de até 40 aulas semanais (até 8 aulas diárias), em cada uma das 3 séries. Ao final do curso, o aluno terá concluído o Ensino Médio e obterá, também, o diploma de Técnico em Mecatrônica, com validade nacional, de acordo com o perfil profissional a seguir: O TÉCNICO EM MECATRÔNICA é o profissional que atua no projeto, na execução e na instalação de máquinas e equipamentos automatizados e sistemas robotizados. Realiza manutenção, medições e testes dessas máquinas, equipamentos e sistemas, conforme especificações técnicas. Opera equipamentos, utiliza softwares específicos e linguagens de programação adequadas. Organiza local de trabalho. Coordena, equipes e oferece treinamento operacional. Realiza manutenções preditiva, preventiva e corretiva, em conformidade com as normas técnicas e higiene, segurança, qualidade e proteção ao meio ambiente. Programa e opera estas máquinas observando as normas de segurança.', '6.0', '3.0', 'https://www.vestibulinhoetec.com.br/unidades-cursos/curso.asp?c=417', '1000.00', '1500.00', '3000.00', '', 6),
(65, 'Secretariado - (EaD - On-line)', 'EaD (online)', 40, 'O TÉCNICO EM SECRETARIADO é o profissional que auxilia os executivos no desempenho de suas funções, gerenciando informações, auxiliando na execução de suas tarefas administrativas e em reuniões. Coordena equipes e atividades; controla documentos e correspondências. Faz atendimento ao cliente, negociações com fornecedores, administra relacionamentos e conflitos internos e externos. Atua na gestão de processos, na confecção de produtos e estruturação de portifólios, na elaboração de apresentações,na estruturação de relatórios administrativos, na composição de planilhas orçamentárias e demais serviços específicos da empresa em que trabalha.', '4.0', '2.0', 'https://www.vestibulinhoetec.com.br/unidades-cursos/curso.asp?c=1490', '1000.00', '1500.00', '3000.00', '', 6),
(66, 'Transações Imobiliárias - (EaD - On-line)', 'EaD (online)', 40, 'O TÉCNICO EM TRANSAÇÕES IMOBILIÁRIAS é o profissional habilitado para intermediar a compra, a venda, a locação e a permuta. Atua na administração de bens imóveis, solicita e orienta quanto à documentação necessária para cadastramento, transferência, inscrição e registro junto aos órgãos competentes. Apresenta os imóveis aos clientes potenciais e orienta investimentos no mercado imobiliário. Realiza pesquisa de mercado, bem como a captação de imóveis elaborando estratégias de demonstração e comercialização. Identifica e aplica os parâmetros de uso e ocupação do solo para lotes urbanos e áreas rurais. Assessora os síndicos na administração de condomínios. Atua como avaliador de imóveis urbanos e rurais. Emite parecer técnico de avaliação mercadológica e comercial sobre o bem a ser comercializado. Lê e interpreta projetos arquitetônicos e mapas. Estuda qualitativamente e quantitativamente as potencialidades das edificações e entorno. Acompanha a movimentação do mercado para antever tendências que afetam o empreendimento. Presta assessoria aos clientes após a transação imobiliária.', '4.0', '2.0', 'https://www.vestibulinhoetec.com.br/unidades-cursos/curso.asp?c=1587', '1000.00', '1500.00', '3000.00', '', 6),
(67, 'Administração', 'N', 40, 'O TÉCNICO EM ADMINISTRAÇÃO é o profissional que participa da gestão dos recursos mercadológicos, humanos, financeiros, materiais e produtivos. Executa as rotinas administrativas, controla materiais, acompanha níveis de eficiência e produtividade e presta atendimento a clientes. Trabalha em equipe, otimiza recursos, propõe inovações e adota postura ética na condução das relações e atividades.', '4.0', '2.0', 'https://www.vestibulinhoetec.com.br/unidades-cursos/curso.asp?c=501', '1325.00', '1870.00', '2736.00', 'https://www.vagas.com.br/cargo/tecnico-em-administracao', 7),
(68, 'Contabilidade', 'N', 40, 'O TÉCNICO EM CONTABILIDADE é o profissional que desempenha tarefas relativas à contabilidade e à administração das organizações. Analisa a documentação contábil e elabora planos de contas. Organiza, controla e arquiva documentos relativos à atividade contábil/ administrativa e controla as movimentações. Constitui e regulariza empresas, identifica documentos e informações, atende à fiscalização e procede a consultoria empresarial. Executa a contabilidade geral, operacionaliza a contabilidade de custos e efetua contabilidade gerencial. Administra o departamento de pessoal e realiza controle patrimonial.', '4.0', '2.0', 'https://www.vestibulinhoetec.com.br/unidades-cursos/curso.asp?c=506', '1815.00', '2496.00', '3374.00', 'https://www.vagas.com.br/cargo/tecnico-em-contabilidade', 7),
(69, 'Ensino Médio com Habilitação Profissional de Técnico em Administração - Novotec integrado', 'M', 40, 'Nesta modalidade de ensino, baseada na Lei nº 13.415/17, o aluno cursará o Ensino Médio estruturado em conjunto com a formação de Técnico em Administração, numa jornada de até 30 aulas semanais (até 6 aulas diárias), em cada uma das 3 séries. Ao final do curso, o aluno terá concluído o Ensino Médio e obterá, também, o diploma de Técnico em Administração, com validade nacional, de acordo com o perfil profissional a seguir: O TÉCNICO EM ADMINISTRAÇÃO é o profissional que participa da gestão dos recursos mercadológicos, humanos, financeiros, materiais e produtivos. Executa as rotinas administrativas, controla materiais, acompanha níveis de eficiência e produtividade, presta atendimento a clientes, e elabora fluxo de caixa. Trabalha em equipe, otimiza recursos, propõe inovações e adota postura ética na condução das relações e atividades.', '6.0', '3.0', 'https://www.vestibulinhoetec.com.br/unidades-cursos/curso.asp?c=1509', '1000.00', '1500.00', '3000.00', '', 7),
(70, 'Ensino Médio com Habilitação Profissional de Técnico em Informática Para Internet - Novotec integrado', 'M', 40, 'Nesta modalidade de ensino, baseada na Lei nº 13.415/17, o aluno cursará o Ensino Médio estruturado em conjunto com a formação de Técnico em Informática Para Internet, numa jornada de até 30 aulas semanais (até 6 aulas diárias), em cada uma das 3 séries. Ao final do curso, o aluno terá concluído o Ensino Médio e obterá, também, o diploma de Técnico em Informática Para Internet, com validade nacional, de acordo com o perfil profissional a seguir: O TÉCNICO EM INFORMÁTICA PARA INTERNET é o profissional que desenvolve e realiza manutenção em websites e portais na Internet e Intranet. Utiliza ferramentas de desenvolvimento de projetos para construir soluções que auxiliam o processo de criação de interfaces e aplicativos empregados no comércio e marketing eletrônicos.', '6.0', '3.0', 'https://www.vestibulinhoetec.com.br/unidades-cursos/curso.asp?c=1541', '1000.00', '1500.00', '3000.00', '', 7),
(71, 'Ensino Médio com Habilitação Profissional de Técnico em Informática Para Internet - Novotec integrado', 'T', 40, 'Nesta modalidade de ensino, baseada na Lei nº 13.415/17, o aluno cursará o Ensino Médio estruturado em conjunto com a formação de Técnico em Informática Para Internet, numa jornada de até 30 aulas semanais (até 6 aulas diárias), em cada uma das 3 séries. Ao final do curso, o aluno terá concluído o Ensino Médio e obterá, também, o diploma de Técnico em Informática Para Internet, com validade nacional, de acordo com o perfil profissional a seguir: O TÉCNICO EM INFORMÁTICA PARA INTERNET é o profissional que desenvolve e realiza manutenção em websites e portais na Internet e Intranet. Utiliza ferramentas de desenvolvimento de projetos para construir soluções que auxiliam o processo de criação de interfaces e aplicativos empregados no comércio e marketing eletrônicos', '6.0', '3.0', 'https://www.vestibulinhoetec.com.br/unidades-cursos/curso.asp?c=1541', '1000.00', '1500.00', '3000.00', '', 7),
(72, 'Ensino Médio com Habilitação Profissional de Técnico em Química - Novotec integrado', 'T', 40, 'Nesta modalidade de ensino, baseada na Lei nº 13.415/17, o aluno cursará o Ensino Médio estruturado em conjunto com a formação de Técnico em Química, numa jornada de até 30 aulas semanais (até 6 aulas diárias), em cada uma das 3 séries. Ao final do curso, o aluno terá concluído o Ensino Médio e obterá, também, o diploma de Técnico em Química, com validade nacional, de acordo com o perfil profissional a seguir: O TÉCNICO EM QUÍMICA é o profissional que atua na operação, controle e monitoramento de processos industriais. Realiza amostragem, análises químicas, físico-químicas e microbiológicas. Avalia atividades do setor químico, nos limites de sua atuação. Controla a qualidade de matérias-primas, insumos e produtos finalizados. Desenvolve produtos e processos aplicando técnicas de segurança laboratorial. Compra e estoca matérias-primas, insumos e produtos em geral do setor químico.', '6.0', '3.0', 'https://www.vestibulinhoetec.com.br/unidades-cursos/curso.asp?c=1515', '1000.00', '1500.00', '3000.00', '', 7),
(73, 'Ensino Médio com Habilitação Profissional de Técnico em Recursos Humanos - Novotec integrado', 'M', 40, 'Nesta modalidade de ensino, baseada na Lei nº 13.415/17, o aluno cursará o Ensino Médio estruturado em conjunto com a formação de Técnico em Recursos Humanos, numa jornada de até 30 aulas semanais (até 6 aulas diárias), em cada uma das 3 séries. Ao final do curso, o aluno terá concluído o Ensino Médio e obterá, também, o diploma de Técnico em Recursos Humanos, com validade nacional, de acordo com o perfil profissional a seguir: É o profissional que executa rotinas administrativas de pessoal com base na Legislação Trabalhista e Previdenciária. Auxilia no controle e avaliação de subsistemas de gerenciamento e contribui para a implementação das estratégias organizacionais. Administra pessoal, promove ações de treinamento, identifica e sugere plano de benefícios. Descreve e classifica postos de trabalho, aplica questionários e processa informações acerca dos trabalhadores. Atua nos processos de recrutamento, seleção e integração, assessora as relações de trabalho e sistemas de avaliação de desempenho. Presta serviços de comunicação oral e escrita, liderança, motivação, formação de equipes e desenvolvimento de pessoal com empenho no crescimento simultâneo, individual e do grupo de forma ética. Realiza ações empreendedoras e em processos de orientação sobre a importância da segurança no trabalho e da saúde ocupacional.', '6.0', '3.0', 'https://www.vestibulinhoetec.com.br/unidades-cursos/curso.asp?c=1516', '1000.00', '1500.00', '3000.00', '', 7),
(74, 'Logística', 'N', 40, 'O TÉCNICO EM LOGÍSTICA é o profissional que colabora na gestão dos processos de planejamento, operação e controle de programação nas áreas de produção de bens e serviços, de compras, de armazenagem, de estoques, de movimentação e de expedição. Viabiliza o transporte e a distribuição de materiais e produtos, coordena a manutenção de máquinas e de equipamentos e executa as funções, utilizando tecnologia de informação. Identifica metodologias, sistemas, procedimentos, equipamentos e estabelece critérios para seleção e utilização adequada. Elabora tabelas, interpreta gráficos e mapeia o custeio das áreas produtivas envolvidas. Implementa os procedimentos de controle de custos, qualidade, segurança e higiene do trabalho no sistema logístico. Atua em equipe, segundo princípios éticos e cidadãos.', '4.0', '2.0', 'https://www.vestibulinhoetec.com.br/unidades-cursos/curso.asp?c=511', '1000.00', '1500.00', '3000.00', '', 7),
(75, 'Química', 'N', 40, 'O TÉCNICO EM QUÍMICA é o profissional que atua na operação, controle e monitoramento de processos industriais. Realiza amostragem, análises químicas, físico-químicas e microbiológicas. Avalia atividades do setor químico, nos limites de sua atuação. Controla a qualidade de matérias-primas, insumos e produtos finalizados. Desenvolve produtos e processos aplicando técnicas de segurança laboratorial. Compra e estoca matérias-primas, insumos e produtos em geral do setor químico.', '4.0', '2.0', 'https://www.vestibulinhoetec.com.br/unidades-cursos/curso.asp?c=421', '1805.00', '2345.00', '3048.00', 'https://www.vagas.com.br/cargo/tecnico-em-quimica', 7),
(76, 'Administração', 'N', 40, 'O TÉCNICO EM ADMINISTRAÇÃO é o profissional que participa da gestão dos recursos mercadológicos, humanos, financeiros, materiais e produtivos. Executa as rotinas administrativas, controla materiais, acompanha níveis de eficiência e produtividade e presta atendimento a clientes. Trabalha em equipe, otimiza recursos, propõe inovações e adota postura ética na condução das relações e atividades.', '4.0', '2.0', 'https://www.vestibulinhoetec.com.br/unidades-cursos/curso.asp?c=501', '1325.00', '1870.00', '2736.00', 'https://www.vagas.com.br/cargo/tecnico-em-administracao', 8),
(77, 'Logística', 'N', 40, 'O TÉCNICO EM LOGÍSTICA é o profissional que colabora na gestão dos processos de planejamento, operação e controle de programação nas áreas de produção de bens e serviços, de compras, de armazenagem, de estoques, de movimentação e de expedição. Viabiliza o transporte e a distribuição de materiais e produtos, coordena a manutenção de máquinas e de equipamentos e executa as funções, utilizando tecnologia de informação. Identifica metodologias, sistemas, procedimentos, equipamentos e estabelece critérios para seleção e utilização adequada. Elabora tabelas, interpreta gráficos e mapeia o custeio das áreas produtivas envolvidas. Implementa os procedimentos de controle de custos, qualidade, segurança e higiene do trabalho no sistema logístico. Atua em equipe, segundo princípios éticos e cidadãos.', '4.0', '2.0', 'https://www.vestibulinhoetec.com.br/unidades-cursos/curso.asp?c=511', '1000.00', '1500.00', '3000.00', '', 8),
(78, 'Administração', 'N', 40, 'O TÉCNICO EM ADMINISTRAÇÃO é o profissional que participa da gestão dos recursos mercadológicos, humanos, financeiros, materiais e produtivos. Executa as rotinas administrativas, controla materiais, acompanha níveis de eficiência e produtividade e presta atendimento a clientes. Trabalha em equipe, otimiza recursos, propõe inovações e adota postura ética na condução das relações e atividades.', '4.0', '2.0', 'https://www.vestibulinhoetec.com.br/unidades-cursos/curso.asp?c=501', '1325.00', '1870.00', '2736.00', 'https://www.vagas.com.br/cargo/tecnico-em-administracao', 9),
(79, 'Administração - (EaD - On-line)', 'EaD (online)', 40, 'O TÉCNICO EM ADMINISTRAÇÃO é o profissional que controla a rotina administrativa das empresas. Colabora nos planejamentos estratégico, tático e operacional. Realiza atividades em recursos humanos e intermedeia mão-de-obra para colocação e recolocação. Atua na área de compras, auxilia no setor contábil e assessora a área de vendas. Intercambia mercadorias e serviços e executa atividades nas áreas fiscal e financeira.', '4.0', '2.0', 'https://www.vestibulinhoetec.com.br/unidades-cursos/curso.asp?c=1488', '1325.00', '1870.00', '2736.00', 'https://www.vagas.com.br/cargo/tecnico-em-administracao', 9),
(80, 'Comércio - (EaD - On-line)', 'EaD (online)', 40, 'O TÉCNICO EM COMÉRCIO é o profissional que aplica métodos de comercialização de bens e serviços, visando à competitividade no mercado e atendendo as diretrizes organizacionais. Comunica previsões e demandas aos fornecedores. Efetua controle quantitativo e qualitativo de produtos e procede a sua armazenagem no estabelecimento comercial. Operacionaliza planos de marketing e comunicação, logística, recursos humanos e comercialização.', '4.0', '2.0', 'https://www.vestibulinhoetec.com.br/unidades-cursos/curso.asp?c=1489', '1000.00', '1500.00', '3000.00', '', 9),
(81, 'Desenvolvimento de Sistemas (EaD - On-line)', 'EaD (online)', 40, 'O TÉCNICO EM DESENVOLVIMENTO DE SISTEMAS é o profissional que analisa e projeta sistemas. Constrói, documenta, realiza testes e mantém sistemas de informação. Utiliza ambientes de desenvolvimento e linguagens de programação específica. Modela, implementa e mantém bancos de dados.', '4.0', '2.0', 'https://www.vestibulinhoetec.com.br/unidades-cursos/curso.asp?c=1568', '1000.00', '1500.00', '3000.00', '', 9),
(82, 'Ensino Médio com Habilitação Profissional de Técnico em Administração - Novotec integrado', 'M', 40, 'Nesta modalidade de ensino, baseada na Lei nº 13.415/17, o aluno cursará o Ensino Médio estruturado em conjunto com a formação de Técnico em Administração, numa jornada de até 30 aulas semanais (até 6 aulas diárias), em cada uma das 3 séries. Ao final do curso, o aluno terá concluído o Ensino Médio e obterá, também, o diploma de Técnico em Administração, com validade nacional, de acordo com o perfil profissional a seguir: O TÉCNICO EM ADMINISTRAÇÃO é o profissional que participa da gestão dos recursos mercadológicos, humanos, financeiros, materiais e produtivos. Executa as rotinas administrativas, controla materiais, acompanha níveis de eficiência e produtividade, presta atendimento a clientes, e elabora fluxo de caixa. Trabalha em equipe, otimiza recursos, propõe inovações e adota postura ética na condução das relações e atividades.', '6.0', '3.0', 'https://www.vestibulinhoetec.com.br/unidades-cursos/curso.asp?c=1509', '1000.00', '1500.00', '3000.00', '', 9),
(83, 'Ensino Médio com Habilitação Profissional de Técnico em Desenvolvimento de Sistemas - Novotec integrado', 'M', 40, 'Nesta modalidade de ensino, baseada na Lei nº 13.415/17, o aluno cursará o Ensino Médio estruturado em conjunto com a formação de Técnico em Desenvolvimento, numa jornada de até 30 aulas semanais (até 6 aulas diárias), em cada uma das 3 séries. Ao final do curso, o aluno terá concluído o Ensino Médio e obterá, também, o diploma de Técnico em Desenvolvimento de Sistemas, com validade nacional, de acordo com o perfil profissional a seguir: O TÉCNICO EM DESENVOLVIMENTO DE SISTEMAS é o profissional que analisa e projeta sistemas. Constrói, documenta, realiza testes e mantém sistemas de informação. Utiliza ambientes de desenvolvimento e linguagens de programação específica. Modela, implementa e mantém bancos de dados.', '6.0', '3.0', 'https://www.vestibulinhoetec.com.br/unidades-cursos/curso.asp?c=1535', '1000.00', '1500.00', '3000.00', '', 9),
(84, 'Ensino Médio com Habilitação Profissional de Técnico em Química - Novotec integrado', 'T', 40, 'Nesta modalidade de ensino, baseada na Lei nº 13.415/17, o aluno cursará o Ensino Médio estruturado em conjunto com a formação de Técnico em Química, numa jornada de até 30 aulas semanais (até 6 aulas diárias), em cada uma das 3 séries. Ao final do curso, o aluno terá concluído o Ensino Médio e obterá, também, o diploma de Técnico em Química, com validade nacional, de acordo com o perfil profissional a seguir: O TÉCNICO EM QUÍMICA é o profissional que atua na operação, controle e monitoramento de processos industriais. Realiza amostragem, análises químicas, físico-químicas e microbiológicas. Avalia atividades do setor químico, nos limites de sua atuação. Controla a qualidade de matérias-primas, insumos e produtos finalizados. Desenvolve produtos e processos aplicando técnicas de segurança laboratorial. Compra e estoca matérias-primas, insumos e produtos em geral do setor químico.', '6.0', '3.0', 'https://www.vestibulinhoetec.com.br/unidades-cursos/curso.asp?c=1515', '1000.00', '1500.00', '3000.00', '', 9),
(85, 'Farmácia', 'N', 40, 'O TÉCNICO EM FARMÁCIA é o profissional que realiza operações farmacotécnicas em pequena e larga escala, identificando e classificando os diferentes tipos de produtos e de formas farmacêuticas, sua composição e técnica de preparação. Auxilia na manipulação das diversas formas farmacêuticas alopáticas, fitoterápicas e homeopáticas, assim como de cosméticos, realiza documentação e registro de atividades e procedimentos, sob a supervisão do farmacêutico. Executa as rotinas de compra, armazenamento e dispensação de produtos, manutenção e logística de estoque, além de controle de qualidade de matérias-primas farmacêuticas, produtos em processo e acabados. Auxilia no atendimento ao cliente frente às prescrições médicas dos medicamentos e identifica as diversas vias de administração. Utiliza técnicas de atendimento ao cliente, orientando-o sobre o uso correto e a conservação dos medicamentos.', '4.0', '2.0', 'https://www.vestibulinhoetec.com.br/unidades-cursos/curso.asp?c=212', '1000.00', '1500.00', '3000.00', '', 9),
(86, 'Gestão de Projetos - Especialização (EaD - On-line)', 'EaD (online)', 40, 'O curso de CURSO DE ESPECIALIZAÇÃO PROFISSIONAL DE NÍVEL MÉDIO TÉCNICA EM GESTÃO DE PROJETOS tem como objetivo capacitar o egresso para agir na concepção, na metodologia e na execução de projetos nas mais diversas áreas de atuação, de modo a possibilitar a compreensão do papel e o processo de gerenciamento de projetos dentro das organizações.', '4.0', '2.0', 'https://www.vestibulinhoetec.com.br/unidades-cursos/curso.asp?c=1567', '1000.00', '1500.00', '3000.00', '', 9),
(87, 'Guia de Turismo - (EaD - On-line)', 'EaD (online)', 40, 'O TÉCNICO EM GUIA DE TURISMO orienta, assiste e conduz pessoas ou grupos durante traslados, passeios, visitas, viagens, com ética profissional e respeito ao ambiente, à cultura e à legislação. Informa sobre aspectos socioculturais, históricos, ambientais, geográficos e outros interesses do turista. Apresenta ao visitante opções de roteiros e itinerários turísticos disponíveis e, quando for o caso, concebe-o considerando as expectativas ou necessidades do visitante, tanto no âmbito regional e/ ou nacional. Utiliza instrumentos de comunicação, localização, técnicas de condução, de interpretação ambiental e cultural.', '4.0', '2.0', 'https://www.vestibulinhoetec.com.br/unidades-cursos/curso.asp?c=1494', '1000.00', '1500.00', '3000.00', '', 9),
(88, 'Informática (Nova Matriz)', 'N', 40, 'É o profissional que instala sistemas operacionais, aplicativos e periféricos para desktop e servidores. Desenvolve e documenta aplicações para desktop com acesso a web e a banco de dados. Realiza manutenção de computadores de uso geral. Instala e configura redes de computadores locais de pequeno porte. Seleciona e opera aplicações em nuvem. Presta suporte local ou remoto a usuários de diferentes níveis técnicos e para diversas tecnologias.', '4.0', '2.0', 'https://www.vestibulinhoetec.com.br/unidades-cursos/curso.asp?c=702', '1000.00', '1500.00', '3000.00', '', 9),
(89, 'Secretariado - (EaD - On-line)', 'EaD (online)', 40, 'O TÉCNICO EM SECRETARIADO é o profissional que auxilia os executivos no desempenho de suas funções, gerenciando informações, auxiliando na execução de suas tarefas administrativas e em reuniões. Coordena equipes e atividades; controla documentos e correspondências. Faz atendimento ao cliente, negociações com fornecedores, administra relacionamentos e conflitos internos e externos. Atua na gestão de processos, na confecção de produtos e estruturação de portifólios, na elaboração de apresentações,na estruturação de relatórios administrativos, na composição de planilhas orçamentárias e demais serviços específicos da empresa em que trabalha.', '4.0', '2.0', 'https://www.vestibulinhoetec.com.br/unidades-cursos/curso.asp?c=1490', '1000.00', '1500.00', '3000.00', '', 9),
(90, 'Transações Imobiliárias - (EaD - On-line)', 'EaD (online)', 40, 'O TÉCNICO EM TRANSAÇÕES IMOBILIÁRIAS é o profissional habilitado para intermediar a compra, a venda, a locação e a permuta. Atua na administração de bens imóveis, solicita e orienta quanto à documentação necessária para cadastramento, transferência, inscrição e registro junto aos órgãos competentes. Apresenta os imóveis aos clientes potenciais e orienta investimentos no mercado imobiliário. Realiza pesquisa de mercado, bem como a captação de imóveis elaborando estratégias de demonstração e comercialização. Identifica e aplica os parâmetros de uso e ocupação do solo para lotes urbanos e áreas rurais. Assessora os síndicos na administração de condomínios. Atua como avaliador de imóveis urbanos e rurais. Emite parecer técnico de avaliação mercadológica e comercial sobre o bem a ser comercializado. Lê e interpreta projetos arquitetônicos e mapas. Estuda qualitativamente e quantitativamente as potencialidades das edificações e entorno. Acompanha a movimentação do mercado para antever tendências que afetam o empreendimento. Presta assessoria aos clientes após a transação imobiliária.', '4.0', '2.0', 'https://www.vestibulinhoetec.com.br/unidades-cursos/curso.asp?c=1587', '1000.00', '1500.00', '3000.00', '', 9),
(91, 'Administração', 'N', 40, 'O TÉCNICO EM ADMINISTRAÇÃO é o profissional que participa da gestão dos recursos mercadológicos, humanos, financeiros, materiais e produtivos. Executa as rotinas administrativas, controla materiais, acompanha níveis de eficiência e produtividade e presta atendimento a clientes. Trabalha em equipe, otimiza recursos, propõe inovações e adota postura ética na condução das relações e atividades.', '4.0', '2.0', 'https://www.vestibulinhoetec.com.br/unidades-cursos/curso.asp?c=501', '1325.00', '1870.00', '2736.00', 'https://www.vagas.com.br/cargo/tecnico-em-administracao', 10),
(92, 'Recursos Humanos', 'N', 40, 'O TÉCNICO EM RECURSOS HUMANOS é o profissional que detém aptidão para intermediar as relações interpessoais e éticas de uma organização. É habilitado para trabalhar na execução das rotinas administrativas de pessoal com base na Legislação Trabalhista e Previdenciária. Auxilia no controle e avaliação de subsistemas de gerenciamento e contribui para a implementação das estratégias organizacionais. Compromete-se com o desenvolvimento humano, administra pessoal, promove ações de treinamento, identifica e sugere plano de benefícios. Descreve e classifica postos de trabalho, aplica questionários e processa informações acerca dos trabalhadores. Atua nos processos de recrutamento, seleção e integração, assessora as relações de trabalho e sistemas de avaliação de desempenho. Presta serviços de comunicação oral e escrita, liderança, motivação, formação de equipes e desenvolvimento de pessoal com empenho no crescimento simultâneo, individual e do grupo. Realiza ações empreendedoras e em processos de orientação sobre a importância da segurança no trabalho e da saúde ocupacional. Propõe relações positivas propícias para o clima organizacional e responsabilidade social aos diversos públicos.', '4.0', '2.0', 'https://www.vestibulinhoetec.com.br/unidades-cursos/curso.asp?c=514', '1000.00', '1500.00', '3000.00', '', 10),
(93, 'Administração', 'N', 40, 'O TÉCNICO EM ADMINISTRAÇÃO é o profissional que participa da gestão dos recursos mercadológicos, humanos, financeiros, materiais e produtivos. Executa as rotinas administrativas, controla materiais, acompanha níveis de eficiência e produtividade e presta atendimento a clientes. Trabalha em equipe, otimiza recursos, propõe inovações e adota postura ética na condução das relações e atividades.', '4.0', '2.0', 'https://www.vestibulinhoetec.com.br/unidades-cursos/curso.asp?c=501', '1325.00', '1870.00', '2736.00', 'https://www.vagas.com.br/cargo/tecnico-em-administracao', 10),
(94, 'Logística', 'N', 40, 'O TÉCNICO EM LOGÍSTICA é o profissional que colabora na gestão dos processos de planejamento, operação e controle de programação nas áreas de produção de bens e serviços, de compras, de armazenagem, de estoques, de movimentação e de expedição. Viabiliza o transporte e a distribuição de materiais e produtos, coordena a manutenção de máquinas e de equipamentos e executa as funções, utilizando tecnologia de informação. Identifica metodologias, sistemas, procedimentos, equipamentos e estabelece critérios para seleção e utilização adequada. Elabora tabelas, interpreta gráficos e mapeia o custeio das áreas produtivas envolvidas. Implementa os procedimentos de controle de custos, qualidade, segurança e higiene do trabalho no sistema logístico. Atua em equipe, segundo princípios éticos e cidadãos.', '4.0', '2.0', 'https://www.vestibulinhoetec.com.br/unidades-cursos/curso.asp?c=511', '1000.00', '1500.00', '3000.00', '', 11),
(95, 'Administração', 'N', 80, 'O TÉCNICO EM ADMINISTRAÇÃO é o profissional que participa da gestão dos recursos mercadológicos, humanos, financeiros, materiais e produtivos. Executa as rotinas administrativas, controla materiais, acompanha níveis de eficiência e produtividade e presta atendimento a clientes. Trabalha em equipe, otimiza recursos, propõe inovações e adota postura ética na condução das relações e atividades.', '4.0', '2.0', 'https://www.vestibulinhoetec.com.br/unidades-cursos/curso.asp?c=501', '1325.00', '1870.00', '2736.00', 'https://www.vagas.com.br/cargo/tecnico-em-administracao', 12),
(96, 'Administração - (EaD - On-line)', 'EaD (online)', 40, 'O TÉCNICO EM ADMINISTRAÇÃO é o profissional que controla a rotina administrativa das empresas. Colabora nos planejamentos estratégico, tático e operacional. Realiza atividades em recursos humanos e intermedeia mão-de-obra para colocação e recolocação. Atua na área de compras, auxilia no setor contábil e assessora a área de vendas. Intercambia mercadorias e serviços e executa atividades nas áreas fiscal e financeira.', '4.0', '2.0', 'https://www.vestibulinhoetec.com.br/unidades-cursos/curso.asp?c=1488', '1325.00', '1870.00', '2736.00', 'https://www.vagas.com.br/cargo/tecnico-em-administracao', 12);

-- --------------------------------------------------------

--
-- Estrutura para tabela `mensagens`
--

CREATE TABLE `mensagens` (
  `id_msg` int(11) NOT NULL,
  `name` varchar(50) NOT NULL,
  `email` varchar(240) NOT NULL,
  `assunto` varchar(240) NOT NULL,
  `msg` varchar(300) NOT NULL,
  `date` timestamp NOT NULL DEFAULT current_timestamp()
) ENGINE=InnoDB DEFAULT CHARSET=utf8mb4;

--
-- Despejando dados para a tabela `mensagens`
--

INSERT INTO `mensagens` (`id_msg`, `name`, `email`, `assunto`, `msg`, `date`) VALUES
(1, 'sddssd', 'dsdsd', 'dsd@dsd', 'dsdds', '2021-01-21 00:31:10'),
(2, 'sddssd', 'dsdsd', 'dsd@dsd', 'dsdds', '2021-01-21 00:31:10'),
(3, 'sddssd', 'dsdsd', 'dsd@dsd', 'dsdds', '2021-01-21 00:31:52'),
(4, 'sddssd', 'dsdsd', 'dsd@dsd', 'dsdds', '2021-01-21 00:31:52');

-- --------------------------------------------------------

--
-- Estrutura para tabela `schools`
--

CREATE TABLE `schools` (
  `id_scholl` int(11) NOT NULL,
  `name` varchar(500) NOT NULL,
  `city` varchar(80) NOT NULL,
  `cep` varchar(12) NOT NULL
) ENGINE=InnoDB DEFAULT CHARSET=utf8mb4;

--
-- Despejando dados para a tabela `schools`
--

INSERT INTO `schools` (`id_scholl`, `name`, `city`, `cep`) VALUES
(1, 'Etec Júlio de Mesquita - Extensão EE Prof. Adamastor de Carvalho', 'Santo André', '09020-130'),
(2, 'Etec Juscelino Kubitschek de Oliveira', 'Diadema', '09020-130'),
(3, 'Etec de Rio Grande da Serra', 'Rio Grande da Serra', '09020-130'),
(4, 'Etec Jorge Street - Extensão EE Maria Trujilo Torloni', 'São Caetano do Sul', '09450-000'),
(5, 'Etec Jorge Street', 'São Caetano do Sul', '09450-000'),
(6, 'Etec Profª Maria Cristina Medeiros', 'Ribeirão Pires', '09581-420'),
(7, 'Etec de Mauá - Extensão EE João Paulo II', 'Mauá', '09581-420'),
(8, 'Etec de Mauá', 'Mauá', '09581-420'),
(9, 'Etec Juscelino Kubitschek de Oliveira - Extensão EE Senador Robert Kennedy - Vila Lúcia - São Bernardo do Campo', 'São Bernardo do Campo', '09370-530'),
(10, 'Etec Lauro Gomes - Extensão EE Prof. Carlos Pezzolo', 'São Bernardo do Campo', '09370-530'),
(11, 'Etec Lauro Gomes - Extensão EE Profª Cynira Pires dos Santos', 'São Bernardo do Campo', '09370-530'),
(12, 'Etec Lauro Gomes', 'São Bernardo do Campo', '09370-530');

-- --------------------------------------------------------

--
-- Estrutura para tabela `usuarios`
--

CREATE TABLE `usuarios` (
  `id_user` int(11) NOT NULL,
  `name` varchar(240) NOT NULL,
  `username` varchar(80) NOT NULL,
  `born_date` date DEFAULT NULL,
  `scholling` varchar(100) NOT NULL,
  `gender` varchar(20) DEFAULT NULL,
  `email` varchar(100) NOT NULL,
  `password` varchar(32) NOT NULL
) ENGINE=InnoDB DEFAULT CHARSET=utf8mb4;

--
-- Despejando dados para a tabela `usuarios`
--

INSERT INTO `usuarios` (`id_user`, `name`, `username`, `born_date`, `scholling`, `gender`, `email`, `password`) VALUES
(15, '', 'Squad 4', '0000-00-00', '', '', 'squad4@eduimpulso.com.br', '2bef362c73d49018a7bf9aaef3f33d91'),
(56, 'Nathally', 'nath234', '1990-05-22', '', '', 'nath@edu.com.br', 'e10adc3949ba59abbe56e057f20f883e');

--
-- Índices para tabelas despejadas
--

--
-- Índices de tabela `cursos`
--
ALTER TABLE `cursos`
  ADD PRIMARY KEY (`id_curso`),
  ADD KEY `fk_idscholl` (`fk_idscholl`);

--
-- Índices de tabela `mensagens`
--
ALTER TABLE `mensagens`
  ADD PRIMARY KEY (`id_msg`);

--
-- Índices de tabela `schools`
--
ALTER TABLE `schools`
  ADD PRIMARY KEY (`id_scholl`);

--
-- Índices de tabela `usuarios`
--
ALTER TABLE `usuarios`
  ADD PRIMARY KEY (`id_user`),
  ADD UNIQUE KEY `email` (`email`),
  ADD UNIQUE KEY `username` (`username`);

--
-- AUTO_INCREMENT para tabelas despejadas
--

--
-- AUTO_INCREMENT de tabela `mensagens`
--
ALTER TABLE `mensagens`
  MODIFY `id_msg` int(11) NOT NULL AUTO_INCREMENT, AUTO_INCREMENT=5;

--
-- AUTO_INCREMENT de tabela `schools`
--
ALTER TABLE `schools`
  MODIFY `id_scholl` int(11) NOT NULL AUTO_INCREMENT, AUTO_INCREMENT=13;

--
-- AUTO_INCREMENT de tabela `usuarios`
--
ALTER TABLE `usuarios`
  MODIFY `id_user` int(11) NOT NULL AUTO_INCREMENT, AUTO_INCREMENT=58;

--
-- Restrições para tabelas despejadas
--

--
-- Restrições para tabelas `cursos`
--
ALTER TABLE `cursos`
  ADD CONSTRAINT `fk_idscholl` FOREIGN KEY (`fk_idscholl`) REFERENCES `schools` (`id_scholl`);
COMMIT;

/*!40101 SET CHARACTER_SET_CLIENT=@OLD_CHARACTER_SET_CLIENT */;
/*!40101 SET CHARACTER_SET_RESULTS=@OLD_CHARACTER_SET_RESULTS */;
/*!40101 SET COLLATION_CONNECTION=@OLD_COLLATION_CONNECTION */;